Day,bikes_hired,year,month,date,day_of_week,season,avg_temp,avg_humidity,avg_pressure,avg_windspeed,rainfall_mm,Rain,Fog,Thunderstorm,Snow,rain,fog,thunderstorm,snow
2011-01-01,4555,2011,1,1,Saturday,1,6,84,1025,10,0,1,,,,TRUE,FALSE,FALSE,FALSE
2011-01-02,6250,2011,1,2,Sunday,1,3,79,1028,8,0,,,,,FALSE,FALSE,FALSE,FALSE
2011-01-03,7262,2011,1,3,Monday,1,0,80,1024,6,0,,,,1,FALSE,FALSE,FALSE,TRUE
2011-01-04,13430,2011,1,4,Tuesday,1,3,87,1013,6,0,1,,,,TRUE,FALSE,FALSE,FALSE
2011-01-05,13757,2011,1,5,Wednesday,1,6,84,1000,19,0,1,,,,TRUE,FALSE,FALSE,FALSE
2011-01-06,9595,2011,1,6,Thursday,1,4,92,996,5,0,1,1,,1,TRUE,TRUE,FALSE,TRUE
2011-01-07,9294,2011,1,7,Friday,1,6,92,999,11,0,1,1,,,TRUE,TRUE,FALSE,FALSE
2011-01-08,9338,2011,1,8,Saturday,1,6,82,997,23,0,1,,,,TRUE,FALSE,FALSE,FALSE
2011-01-09,10558,2011,1,9,Sunday,1,3,79,1012,16,0,,,,,FALSE,FALSE,FALSE,FALSE
2011-01-10,16058,2011,1,10,Monday,1,3,87,1011,14,0,1,,,,TRUE,FALSE,FALSE,FALSE
2011-01-11,16412,2011,1,11,Tuesday,1,6,82,1006,16,0,1,,,,TRUE,FALSE,FALSE,FALSE
2011-01-12,13894,2011,1,12,Wednesday,1,8,89,1011,16,0,1,,,,TRUE,FALSE,FALSE,FALSE
2011-01-13,15911,2011,1,13,Thursday,1,12,89,1009,23,0,1,,,,TRUE,FALSE,FALSE,FALSE
2011-01-14,14834,2011,1,14,Friday,1,10,87,1010,24,0,1,,1,,TRUE,FALSE,TRUE,FALSE
2011-01-15,11851,2011,1,15,Saturday,1,9,79,1015,24,0,,,,,FALSE,FALSE,FALSE,FALSE
2011-01-16,10471,2011,1,16,Sunday,1,10,83,1016,23,0,1,,,,TRUE,FALSE,FALSE,FALSE
2011-01-17,10835,2011,1,17,Monday,1,7,90,1019,8,0,1,,,,TRUE,FALSE,FALSE,FALSE
2011-01-18,17703,2011,1,18,Tuesday,1,3,85,1027,11,0,1,,,,TRUE,FALSE,FALSE,FALSE
2011-01-19,18350,2011,1,19,Wednesday,1,3,88,1035,8,0,,,,,FALSE,FALSE,FALSE,FALSE
2011-01-20,17957,2011,1,20,Thursday,1,3,86,1036,8,0,1,,,,TRUE,FALSE,FALSE,FALSE
2011-01-21,16509,2011,1,21,Friday,1,1,83,1039,8,0,,,,,FALSE,FALSE,FALSE,FALSE
2011-01-22,10658,2011,1,22,Saturday,1,3,86,1037,10,0,1,,,,TRUE,FALSE,FALSE,FALSE
2011-01-23,9911,2011,1,23,Sunday,1,7,85,1034,13,0,1,,,,TRUE,FALSE,FALSE,FALSE
2011-01-24,17193,2011,1,24,Monday,1,4,83,1030,11,0,1,,,,TRUE,FALSE,FALSE,FALSE
2011-01-25,17045,2011,1,25,Tuesday,1,4,88,1017,14,0,1,,,,TRUE,FALSE,FALSE,FALSE
2011-01-26,16396,2011,1,26,Wednesday,1,4,86,1011,11,0,1,,,,TRUE,FALSE,FALSE,FALSE
2011-01-27,16519,2011,1,27,Thursday,1,2,66,1021,18,0,,,,,FALSE,FALSE,FALSE,FALSE
2011-01-28,15538,2011,1,28,Friday,1,1,65,1023,18,0,,,,,FALSE,FALSE,FALSE,FALSE
2011-01-29,9379,2011,1,29,Saturday,1,1,75,1022,11,0,,,,,FALSE,FALSE,FALSE,FALSE
2011-01-30,9455,2011,1,30,Sunday,1,2,75,1023,10,0,,,,,FALSE,FALSE,FALSE,FALSE
2011-01-31,16260,2011,1,31,Monday,1,1,80,1025,6,0,,,,,FALSE,FALSE,FALSE,FALSE
2011-02-01,16331,2011,2,1,Tuesday,1,3,86,1026,14,0,,1,,,FALSE,TRUE,FALSE,FALSE
2011-02-02,18102,2011,2,2,Wednesday,1,6,89,1024,14,0,1,1,,,TRUE,TRUE,FALSE,FALSE
2011-02-03,15593,2011,2,3,Thursday,1,6,77,1023,19,0,,,,,FALSE,FALSE,FALSE,FALSE
2011-02-04,14938,2011,2,4,Friday,1,11,77,1016,37,0,,,,,FALSE,FALSE,FALSE,FALSE
2011-02-05,8442,2011,2,5,Saturday,1,12,77,1017,35,0,,,,,FALSE,FALSE,FALSE,FALSE
2011-02-06,9437,2011,2,6,Sunday,1,11,77,1020,29,0,,,,,FALSE,FALSE,FALSE,FALSE
2011-02-07,16537,2011,2,7,Monday,1,8,75,1015,27,0,1,,,,TRUE,FALSE,FALSE,FALSE
2011-02-08,19829,2011,2,8,Tuesday,1,4,80,1022,8,0,,1,,,FALSE,TRUE,FALSE,FALSE
2011-02-09,18197,2011,2,9,Wednesday,1,8,83,1017,13,0,,,,,FALSE,FALSE,FALSE,FALSE
2011-02-10,11496,2011,2,10,Thursday,1,10,90,1012,13,0,1,,,,TRUE,FALSE,FALSE,FALSE
2011-02-11,16070,2011,2,11,Friday,1,10,89,1011,14,0,1,,,,TRUE,FALSE,FALSE,FALSE
2011-02-12,12855,2011,2,12,Saturday,1,7,84,1011,14,0,1,,,,TRUE,FALSE,FALSE,FALSE
2011-02-13,7034,2011,2,13,Sunday,1,7,87,1002,16,0,1,,,,TRUE,FALSE,FALSE,FALSE
2011-02-14,17836,2011,2,14,Monday,1,7,81,1001,13,0,,,,,FALSE,FALSE,FALSE,FALSE
2011-02-15,15667,2011,2,15,Tuesday,1,6,88,991,16,0,1,,,,TRUE,FALSE,FALSE,FALSE
2011-02-16,18989,2011,2,16,Wednesday,1,6,83,995,11,0,,,,,FALSE,FALSE,FALSE,FALSE
2011-02-17,18938,2011,2,17,Thursday,1,7,85,1005,10,0,,,,,FALSE,FALSE,FALSE,FALSE
2011-02-18,17460,2011,2,18,Friday,1,6,85,1012,13,0,,,,,FALSE,FALSE,FALSE,FALSE
2011-02-19,6250,2011,2,19,Saturday,1,4,91,1010,14,0,1,,,,TRUE,FALSE,FALSE,FALSE
2011-02-20,7882,2011,2,20,Sunday,1,4,88,1015,10,0,,,,,FALSE,FALSE,FALSE,FALSE
2011-02-21,13720,2011,2,21,Monday,1,6,85,1013,13,0,1,,,,TRUE,FALSE,FALSE,FALSE
2011-02-22,15948,2011,2,22,Tuesday,1,6,90,1016,6,0,1,,,,TRUE,FALSE,FALSE,FALSE
2011-02-23,12936,2011,2,23,Wednesday,1,8,90,1016,13,0,1,,,,TRUE,FALSE,FALSE,FALSE
2011-02-24,19230,2011,2,24,Thursday,1,10,83,1022,14,0,,,,,FALSE,FALSE,FALSE,FALSE
2011-02-25,18634,2011,2,25,Friday,1,10,83,1023,13,0,1,,,,TRUE,FALSE,FALSE,FALSE
2011-02-26,7749,2011,2,26,Saturday,1,8,83,1014,19,0,1,,,,TRUE,FALSE,FALSE,FALSE
2011-02-27,8349,2011,2,27,Sunday,1,6,82,1021,13,0,1,,,,TRUE,FALSE,FALSE,FALSE
2011-02-28,13843,2011,2,28,Monday,1,4,82,1030,11,0,1,,,,TRUE,FALSE,FALSE,FALSE
2011-03-01,15774,2011,3,1,Tuesday,1,4,78,1038,11,0,,,,,FALSE,FALSE,FALSE,FALSE
2011-03-02,16929,2011,3,2,Wednesday,1,3,77,1036,14,0,,,,,FALSE,FALSE,FALSE,FALSE
2011-03-03,16576,2011,3,3,Thursday,1,2,81,1035,11,0,,,,,FALSE,FALSE,FALSE,FALSE
2011-03-04,16971,2011,3,4,Friday,1,3,74,1033,11,0,,,,,FALSE,FALSE,FALSE,FALSE
2011-03-05,9847,2011,3,5,Saturday,1,3,80,1030,10,0,1,,,,TRUE,FALSE,FALSE,FALSE
2011-03-06,7142,2011,3,6,Sunday,1,4,68,1031,18,0,,,,,FALSE,FALSE,FALSE,FALSE
2011-03-07,16192,2011,3,7,Monday,1,5,67,1029,11,0,,,,,FALSE,FALSE,FALSE,FALSE
2011-03-08,17240,2011,3,8,Tuesday,1,4,74,1020,6,0,,,,,FALSE,FALSE,FALSE,FALSE
2011-03-09,18494,2011,3,9,Wednesday,1,7,71,1016,21,0,1,,,,TRUE,FALSE,FALSE,FALSE
2011-03-10,18794,2011,3,10,Thursday,1,9,71,1012,29,0,,,,,FALSE,FALSE,FALSE,FALSE
2011-03-11,19074,2011,3,11,Friday,1,7,73,1014,18,0,,,,,FALSE,FALSE,FALSE,FALSE
2011-03-12,15488,2011,3,12,Saturday,1,10,72,1002,13,0,1,,,,TRUE,FALSE,FALSE,FALSE
2011-03-13,10526,2011,3,13,Sunday,1,6,83,1001,10,0,1,,,,TRUE,FALSE,FALSE,FALSE
2011-03-14,19451,2011,3,14,Monday,1,6,78,1015,10,0,,,,,FALSE,FALSE,FALSE,FALSE
2011-03-15,19568,2011,3,15,Tuesday,1,10,85,1014,14,0,,,,,FALSE,FALSE,FALSE,FALSE
2011-03-16,19643,2011,3,16,Wednesday,1,8,87,1013,11,0,,,,,FALSE,FALSE,FALSE,FALSE
2011-03-17,20036,2011,3,17,Thursday,1,7,81,1015,10,0,,,,,FALSE,FALSE,FALSE,FALSE
2011-03-18,14612,2011,3,18,Friday,1,4,81,1023,6,0,1,,,,TRUE,FALSE,FALSE,FALSE
2011-03-19,17801,2011,3,19,Saturday,1,4,65,1033,6,0,,,,,FALSE,FALSE,FALSE,FALSE
2011-03-20,14694,2011,3,20,Sunday,1,7,75,1033,8,0,,,,,FALSE,FALSE,FALSE,FALSE
2011-03-21,20710,2011,3,21,Monday,2,9,77,1034,6,0,,,,,FALSE,FALSE,FALSE,FALSE
2011-03-22,21792,2011,3,22,Tuesday,2,11,68,1038,6,0,,,,,FALSE,FALSE,FALSE,FALSE
2011-03-23,23837,2011,3,23,Wednesday,2,10,73,1040,6,0,,,,,FALSE,FALSE,FALSE,FALSE
2011-03-24,23518,2011,3,24,Thursday,2,10,72,1034,10,0,,,,,FALSE,FALSE,FALSE,FALSE
2011-03-25,24343,2011,3,25,Friday,2,11,68,1020,5,0,,,,,FALSE,FALSE,FALSE,FALSE
2011-03-26,16095,2011,3,26,Saturday,2,10,77,1015,8,0,1,,,,TRUE,FALSE,FALSE,FALSE
2011-03-27,17550,2011,3,27,Sunday,2,11,73,1014,11,0,1,,,,TRUE,FALSE,FALSE,FALSE
2011-03-28,21602,2011,3,28,Monday,2,11,65,1016,6,0,,,,,FALSE,FALSE,FALSE,FALSE
2011-03-29,22080,2011,3,29,Tuesday,2,10,73,1013,6,0,1,,,,TRUE,FALSE,FALSE,FALSE
2011-03-30,18945,2011,3,30,Wednesday,2,10,85,1011,13,0,1,,,,TRUE,FALSE,FALSE,FALSE
2011-03-31,20831,2011,3,31,Thursday,2,13,81,1011,21,0,1,,,,TRUE,FALSE,FALSE,FALSE
2011-04-01,22048,2011,4,1,Friday,2,13,81,1017,21,0,,,,,FALSE,FALSE,FALSE,FALSE
2011-04-02,19829,2011,4,2,Saturday,2,13,73,1010,14,0,,,,,FALSE,FALSE,FALSE,FALSE
2011-04-03,17294,2011,4,3,Sunday,2,10,72,1014,13,0,,,,,FALSE,FALSE,FALSE,FALSE
2011-04-04,20949,2011,4,4,Monday,2,9,73,1021,19,0,,,,,FALSE,FALSE,FALSE,FALSE
2011-04-05,16690,2011,4,5,Tuesday,2,11,85,1021,21,0,1,,,,TRUE,FALSE,FALSE,FALSE
2011-04-06,25597,2011,4,6,Wednesday,2,17,56,1025,14,0,,,,,FALSE,FALSE,FALSE,FALSE
2011-04-07,25451,2011,4,7,Thursday,2,13,67,1027,10,0,,,,,FALSE,FALSE,FALSE,FALSE
2011-04-08,26622,2011,4,8,Friday,2,14,56,1027,8,0,,,,,FALSE,FALSE,FALSE,FALSE
2011-04-09,22323,2011,4,9,Saturday,2,13,60,1025,11,0,,,,,FALSE,FALSE,FALSE,FALSE
2011-04-10,21346,2011,4,10,Sunday,2,13,58,1024,10,0,,,,,FALSE,FALSE,FALSE,FALSE
2011-04-11,22204,2011,4,11,Monday,2,13,65,1022,10,0,1,,,,TRUE,FALSE,FALSE,FALSE
2011-04-12,23651,2011,4,12,Tuesday,2,9,53,1029,16,0,,,,,FALSE,FALSE,FALSE,FALSE
2011-04-13,18909,2011,4,13,Wednesday,2,9,70,1023,11,0,,,,,FALSE,FALSE,FALSE,FALSE
2011-04-14,22346,2011,4,14,Thursday,2,10,72,1019,11,0,,,,,FALSE,FALSE,FALSE,FALSE
2011-04-15,22974,2011,4,15,Friday,2,13,64,1020,8,0,,,,,FALSE,FALSE,FALSE,FALSE
2011-04-16,19632,2011,4,16,Saturday,2,13,66,1022,8,0,,,,,FALSE,FALSE,FALSE,FALSE
2011-04-17,22009,2011,4,17,Sunday,2,14,66,1024,6,0,,,,,FALSE,FALSE,FALSE,FALSE
2011-04-18,24032,2011,4,18,Monday,2,13,61,1018,10,0,,,,,FALSE,FALSE,FALSE,FALSE
2011-04-19,27914,2011,4,19,Tuesday,2,17,57,1012,6,0,,,,,FALSE,FALSE,FALSE,FALSE
2011-04-20,27934,2011,4,20,Wednesday,2,18,57,1014,6,0,,,,,FALSE,FALSE,FALSE,FALSE
2011-04-21,26547,2011,4,21,Thursday,2,18,50,1013,8,0,,,,,FALSE,FALSE,FALSE,FALSE
2011-04-22,23719,2011,4,22,Friday,2,18,51,1008,8,0,,,,,FALSE,FALSE,FALSE,FALSE
2011-04-23,19182,2011,4,23,Saturday,2,18,55,1012,5,0,1,,1,,TRUE,FALSE,TRUE,FALSE
2011-04-24,21313,2011,4,24,Sunday,2,17,71,1018,10,0,,,,,FALSE,FALSE,FALSE,FALSE
2011-04-25,21669,2011,4,25,Monday,2,16,57,1023,11,0,,,,,FALSE,FALSE,FALSE,FALSE
2011-04-26,22038,2011,4,26,Tuesday,2,12,73,1025,13,0,,,,,FALSE,FALSE,FALSE,FALSE
2011-04-27,24349,2011,4,27,Wednesday,2,12,58,1025,13,0,1,,,,TRUE,FALSE,FALSE,FALSE
2011-04-28,23794,2011,4,28,Thursday,2,11,71,1020,14,0,,,,,FALSE,FALSE,FALSE,FALSE
2011-04-29,19700,2011,4,29,Friday,2,15,72,1012,13,0,,,,,FALSE,FALSE,FALSE,FALSE
2011-04-30,21574,2011,4,30,Saturday,2,16,62,1009,16,0,,,,,FALSE,FALSE,FALSE,FALSE
2011-05-01,19489,2011,5,1,Sunday,2,16,50,1010,23,0,1,,,,TRUE,FALSE,FALSE,FALSE
2011-05-02,18126,2011,5,2,Monday,2,12,52,1012,24,0,,,,,FALSE,FALSE,FALSE,FALSE
2011-05-03,23786,2011,5,3,Tuesday,2,10,52,1017,18,0,,,,,FALSE,FALSE,FALSE,FALSE
2011-05-04,26183,2011,5,4,Wednesday,2,11,57,1021,13,0,,,,,FALSE,FALSE,FALSE,FALSE
2011-05-05,23620,2011,5,5,Thursday,2,14,56,1019,14,0,,,,,FALSE,FALSE,FALSE,FALSE
2011-05-06,28971,2011,5,6,Friday,2,17,47,1015,11,0,,,,,FALSE,FALSE,FALSE,FALSE
2011-05-07,22274,2011,5,7,Saturday,2,18,73,1011,13,0,1,,1,,TRUE,FALSE,TRUE,FALSE
2011-05-08,21011,2011,5,8,Sunday,2,17,72,1014,14,0,1,,,,TRUE,FALSE,FALSE,FALSE
2011-05-09,27172,2011,5,9,Monday,2,16,65,1021,14,0,,,,,FALSE,FALSE,FALSE,FALSE
2011-05-10,29417,2011,5,10,Tuesday,2,14,64,1025,13,0,,,,,FALSE,FALSE,FALSE,FALSE
2011-05-11,27205,2011,5,11,Wednesday,2,12,73,1023,11,0,1,,,,TRUE,FALSE,FALSE,FALSE
2011-05-12,23461,2011,5,12,Thursday,2,12,66,1020,18,0,1,,,,TRUE,FALSE,FALSE,FALSE
2011-05-13,23991,2011,5,13,Friday,2,12,65,1020,13,0,,,,,FALSE,FALSE,FALSE,FALSE
2011-05-14,21100,2011,5,14,Saturday,2,11,64,1020,16,0,,,,,FALSE,FALSE,FALSE,FALSE
2011-05-15,19097,2011,5,15,Sunday,2,12,65,1025,16,0,,,,,FALSE,FALSE,FALSE,FALSE
2011-05-16,24620,2011,5,16,Monday,2,14,69,1023,21,0,,,,,FALSE,FALSE,FALSE,FALSE
2011-05-17,25464,2011,5,17,Tuesday,2,14,75,1020,19,0,,,,,FALSE,FALSE,FALSE,FALSE
2011-05-18,23068,2011,5,18,Wednesday,2,14,82,1015,16,0,1,,,,TRUE,FALSE,FALSE,FALSE
2011-05-19,27534,2011,5,19,Thursday,2,13,64,1018,8,0,,,,,FALSE,FALSE,FALSE,FALSE
2011-05-20,27523,2011,5,20,Friday,2,14,60,1019,13,0,,,,,FALSE,FALSE,FALSE,FALSE
2011-05-21,24408,2011,5,21,Saturday,2,14,62,1019,13,0,,,,,FALSE,FALSE,FALSE,FALSE
2011-05-22,19348,2011,5,22,Sunday,2,14,62,1016,24,0,1,,,,TRUE,FALSE,FALSE,FALSE
2011-05-23,24268,2011,5,23,Monday,2,14,71,1020,23,0,,,,,FALSE,FALSE,FALSE,FALSE
2011-05-24,27768,2011,5,24,Tuesday,2,13,54,1025,23,0,,,,,FALSE,FALSE,FALSE,FALSE
2011-05-25,28708,2011,5,25,Wednesday,2,13,54,1022,13,0,,,,,FALSE,FALSE,FALSE,FALSE
2011-05-26,18055,2011,5,26,Thursday,2,13,75,1008,23,0,1,,,,TRUE,FALSE,FALSE,FALSE
2011-05-27,22907,2011,5,27,Friday,2,13,66,1017,18,0,,,,,FALSE,FALSE,FALSE,FALSE
2011-05-28,15693,2011,5,28,Saturday,2,12,75,1014,21,0,1,,,,TRUE,FALSE,FALSE,FALSE
2011-05-29,18396,2011,5,29,Sunday,2,16,74,1012,24,0,,,,,FALSE,FALSE,FALSE,FALSE
2011-05-30,16097,2011,5,30,Monday,2,16,85,1011,14,0,1,,,,TRUE,FALSE,FALSE,FALSE
2011-05-31,23312,2011,5,31,Tuesday,2,12,63,1020,14,0,,,,,FALSE,FALSE,FALSE,FALSE
2011-06-01,26054,2011,6,1,Wednesday,2,13,65,1030,11,0,,,,,FALSE,FALSE,FALSE,FALSE
2011-06-02,26920,2011,6,2,Thursday,2,17,67,1033,8,0,,,,,FALSE,FALSE,FALSE,FALSE
2011-06-03,26641,2011,6,3,Friday,2,19,60,1031,14,0,,,,,FALSE,FALSE,FALSE,FALSE
2011-06-04,15233,2011,6,4,Saturday,2,19,65,1022,14,0,,,,,FALSE,FALSE,FALSE,FALSE
2011-06-05,8420,2011,6,5,Sunday,2,16,77,1012,14,0,1,,,,TRUE,FALSE,FALSE,FALSE
2011-06-06,13812,2011,6,6,Monday,2,12,81,1006,10,0,1,,,,TRUE,FALSE,FALSE,FALSE
2011-06-07,22378,2011,6,7,Tuesday,2,14,67,1004,14,0,,,,,FALSE,FALSE,FALSE,FALSE
2011-06-08,23013,2011,6,8,Wednesday,2,13,72,1006,16,0,1,,,,TRUE,FALSE,FALSE,FALSE
2011-06-09,25061,2011,6,9,Thursday,2,13,70,1013,14,0,1,,,,TRUE,FALSE,FALSE,FALSE
2011-06-10,20141,2011,6,10,Friday,2,11,73,1014,10,0,1,,1,,TRUE,FALSE,TRUE,FALSE
2011-06-11,21059,2011,6,11,Saturday,2,12,68,1016,13,0,1,,,,TRUE,FALSE,FALSE,FALSE
2011-06-12,6061,2011,6,12,Sunday,2,11,87,1013,14,0,1,,,,TRUE,FALSE,FALSE,FALSE
2011-06-13,23978,2011,6,13,Monday,2,17,75,1011,18,0,1,,,,TRUE,FALSE,FALSE,FALSE
2011-06-14,28889,2011,6,14,Tuesday,2,16,65,1018,10,0,,,,,FALSE,FALSE,FALSE,FALSE
2011-06-15,25643,2011,6,15,Wednesday,2,17,78,1014,14,0,1,,,,TRUE,FALSE,FALSE,FALSE
2011-06-16,17566,2011,6,16,Thursday,2,13,82,1011,13,0,1,,,,TRUE,FALSE,FALSE,FALSE
2011-06-17,15723,2011,6,17,Friday,2,12,89,1005,13,0,1,,,,TRUE,FALSE,FALSE,FALSE
2011-06-18,13721,2011,6,18,Saturday,2,14,76,1001,23,0,1,,,,TRUE,FALSE,FALSE,FALSE
2011-06-19,17092,2011,6,19,Sunday,2,14,71,1011,23,0,,,,,FALSE,FALSE,FALSE,FALSE
2011-06-20,20101,2011,6,20,Monday,2,16,79,1012,8,0,1,,,,TRUE,FALSE,FALSE,FALSE
2011-06-21,26780,2011,6,21,Tuesday,3,17,71,1010,21,0,1,,,,TRUE,FALSE,FALSE,FALSE
2011-06-22,22745,2011,6,22,Wednesday,3,16,77,1009,19,0,1,,,,TRUE,FALSE,FALSE,FALSE
2011-06-23,24559,2011,6,23,Thursday,3,14,71,1015,19,0,1,,,,TRUE,FALSE,FALSE,FALSE
2011-06-24,22137,2011,6,24,Friday,3,14,72,1022,16,0,1,,,,TRUE,FALSE,FALSE,FALSE
2011-06-25,17944,2011,6,25,Saturday,3,17,83,1021,19,0,1,,,,TRUE,FALSE,FALSE,FALSE
2011-06-26,23483,2011,6,26,Sunday,3,21,69,1021,13,0,,,,,FALSE,FALSE,FALSE,FALSE
2011-06-27,26243,2011,6,27,Monday,3,24,61,1013,11,0,,,,,FALSE,FALSE,FALSE,FALSE
2011-06-28,21950,2011,6,28,Tuesday,3,18,83,1015,10,0,1,,1,,TRUE,FALSE,TRUE,FALSE
2011-06-29,28073,2011,6,29,Wednesday,3,15,59,1022,11,0,,,,,FALSE,FALSE,FALSE,FALSE
2011-06-30,27297,2011,6,30,Thursday,3,15,62,1025,10,0,,,,,FALSE,FALSE,FALSE,FALSE
2011-07-01,27758,2011,7,1,Friday,3,15,55,1026,10,0,,,,,FALSE,FALSE,FALSE,FALSE
2011-07-02,22764,2011,7,2,Saturday,3,18,56,1020,6,0,,,,,FALSE,FALSE,FALSE,FALSE
2011-07-03,21423,2011,7,3,Sunday,3,17,57,1017,8,0,,,,,FALSE,FALSE,FALSE,FALSE
2011-07-04,27332,2011,7,4,Monday,3,19,55,1017,10,0,,,,,FALSE,FALSE,FALSE,FALSE
2011-07-05,24802,2011,7,5,Tuesday,3,19,69,1012,11,0,1,,,,TRUE,FALSE,FALSE,FALSE
2011-07-06,26207,2011,7,6,Wednesday,3,17,69,1005,19,0,1,,,,TRUE,FALSE,FALSE,FALSE
2011-07-07,20483,2011,7,7,Thursday,3,17,79,1003,23,0,1,,,,TRUE,FALSE,FALSE,FALSE
2011-07-08,19485,2011,7,8,Friday,3,16,78,1004,18,0,1,,,,TRUE,FALSE,FALSE,FALSE
2011-07-09,21360,2011,7,9,Saturday,3,17,73,1011,16,0,,,,,FALSE,FALSE,FALSE,FALSE
2011-07-10,20203,2011,7,10,Sunday,3,17,72,1017,11,0,,,,,FALSE,FALSE,FALSE,FALSE
2011-07-11,26355,2011,7,11,Monday,3,18,59,1019,8,0,,,,,FALSE,FALSE,FALSE,FALSE
2011-07-12,26633,2011,7,12,Tuesday,3,17,68,1018,14,0,,,,,FALSE,FALSE,FALSE,FALSE
2011-07-13,25417,2011,7,13,Wednesday,3,16,61,1019,11,0,,,,,FALSE,FALSE,FALSE,FALSE
2011-07-14,26479,2011,7,14,Thursday,3,17,54,1019,11,0,,,,,FALSE,FALSE,FALSE,FALSE
2011-07-15,27114,2011,7,15,Friday,3,18,59,1016,13,0,,,,,FALSE,FALSE,FALSE,FALSE
2011-07-16,10224,2011,7,16,Saturday,3,16,86,1001,19,0,1,,,,TRUE,FALSE,FALSE,FALSE
2011-07-17,10965,2011,7,17,Sunday,3,16,79,994,21,0,1,,,,TRUE,FALSE,FALSE,FALSE
2011-07-18,18541,2011,7,18,Monday,3,16,81,997,24,0,1,,,,TRUE,FALSE,FALSE,FALSE
2011-07-19,21218,2011,7,19,Tuesday,3,16,84,1003,10,0,1,,,,TRUE,FALSE,FALSE,FALSE
2011-07-20,21580,2011,7,20,Wednesday,3,14,81,1009,8,0,1,,,,TRUE,FALSE,FALSE,FALSE
2011-07-21,20951,2011,7,21,Thursday,3,16,83,1013,6,0,1,,,,TRUE,FALSE,FALSE,FALSE
2011-07-22,25172,2011,7,22,Friday,3,16,68,1016,8,0,1,,,,TRUE,FALSE,FALSE,FALSE
2011-07-23,20264,2011,7,23,Saturday,3,14,66,1014,10,0,1,,,,TRUE,FALSE,FALSE,FALSE
2011-07-24,22464,2011,7,24,Sunday,3,17,64,1010,13,0,,,,,FALSE,FALSE,FALSE,FALSE
2011-07-25,25185,2011,7,25,Monday,3,17,53,1009,10,0,,,,,FALSE,FALSE,FALSE,FALSE
2011-07-26,25636,2011,7,26,Tuesday,3,17,70,1015,8,0,,,,,FALSE,FALSE,FALSE,FALSE
2011-07-27,24989,2011,7,27,Wednesday,3,18,71,1020,8,0,,,,,FALSE,FALSE,FALSE,FALSE
2011-07-28,26759,2011,7,28,Thursday,3,19,65,1022,8,0,,,,,FALSE,FALSE,FALSE,FALSE
2011-07-29,25373,2011,7,29,Friday,3,17,71,1023,8,0,,,,,FALSE,FALSE,FALSE,FALSE
2011-07-30,23930,2011,7,30,Saturday,3,17,56,1022,8,0,,,,,FALSE,FALSE,FALSE,FALSE
2011-07-31,21388,2011,7,31,Sunday,3,18,65,1016,11,0,,,,,FALSE,FALSE,FALSE,FALSE
2011-08-01,22940,2011,8,1,Monday,3,22,50,1013,11,0,,,,,FALSE,FALSE,FALSE,FALSE
2011-08-02,24290,2011,8,2,Tuesday,3,22,62,1014,6,0,,,,,FALSE,FALSE,FALSE,FALSE
2011-08-03,26120,2011,8,3,Wednesday,3,22,58,1014,10,0,,,,,FALSE,FALSE,FALSE,FALSE
2011-08-04,15149,2011,8,4,Thursday,3,18,84,1010,16,0,1,,,,TRUE,FALSE,FALSE,FALSE
2011-08-05,26792,2011,8,5,Friday,3,20,70,1011,13,0,,,,,FALSE,FALSE,FALSE,FALSE
2011-08-06,20485,2011,8,6,Saturday,3,17,72,1003,13,0,1,,,,TRUE,FALSE,FALSE,FALSE
2011-08-07,14912,2011,8,7,Sunday,3,16,77,1002,18,0,1,,1,,TRUE,FALSE,TRUE,FALSE
2011-08-08,23489,2011,8,8,Monday,3,16,72,1007,16,0,1,,,,TRUE,FALSE,FALSE,FALSE
2011-08-09,23011,2011,8,9,Tuesday,3,16,56,1022,14,0,,,,,FALSE,FALSE,FALSE,FALSE
2011-08-10,24182,2011,8,10,Wednesday,3,17,65,1022,13,0,,,,,FALSE,FALSE,FALSE,FALSE
2011-08-11,20573,2011,8,11,Thursday,3,18,78,1011,19,0,1,,,,TRUE,FALSE,FALSE,FALSE
2011-08-12,22971,2011,8,12,Friday,3,20,78,1010,13,0,,,,,FALSE,FALSE,FALSE,FALSE
2011-08-13,20731,2011,8,13,Saturday,3,18,78,1006,14,0,1,,,,TRUE,FALSE,FALSE,FALSE
2011-08-14,21115,2011,8,14,Sunday,3,18,67,1007,13,0,,,,,FALSE,FALSE,FALSE,FALSE
2011-08-15,23657,2011,8,15,Monday,3,17,67,1016,14,0,1,,,,TRUE,FALSE,FALSE,FALSE
2011-08-16,24899,2011,8,16,Tuesday,3,18,79,1016,14,0,,,,,FALSE,FALSE,FALSE,FALSE
2011-08-17,23010,2011,8,17,Wednesday,3,17,71,1017,10,0,1,,,,TRUE,FALSE,FALSE,FALSE
2011-08-18,16139,2011,8,18,Thursday,3,13,84,1015,11,0,1,,,,TRUE,FALSE,FALSE,FALSE
2011-08-19,25444,2011,8,19,Friday,3,14,76,1019,10,0,,,,,FALSE,FALSE,FALSE,FALSE
2011-08-20,17334,2011,8,20,Saturday,3,17,75,1018,13,0,1,,,,TRUE,FALSE,FALSE,FALSE
2011-08-21,21836,2011,8,21,Sunday,3,18,70,1014,8,0,1,,,,TRUE,FALSE,FALSE,FALSE
2011-08-22,25222,2011,8,22,Monday,3,17,67,1018,10,0,,,,,FALSE,FALSE,FALSE,FALSE
2011-08-23,10953,2011,8,23,Tuesday,3,14,88,1013,13,0,1,,,,TRUE,FALSE,FALSE,FALSE
2011-08-24,22883,2011,8,24,Wednesday,3,18,76,1013,13,0,1,,,,TRUE,FALSE,FALSE,FALSE
2011-08-25,20026,2011,8,25,Thursday,3,17,75,1010,14,0,1,,,,TRUE,FALSE,FALSE,FALSE
2011-08-26,12368,2011,8,26,Friday,3,14,88,1004,8,0,1,,,,TRUE,FALSE,FALSE,FALSE
2011-08-27,14045,2011,8,27,Saturday,3,14,76,1012,14,0,1,,,,TRUE,FALSE,FALSE,FALSE
2011-08-28,15908,2011,8,28,Sunday,3,16,75,1016,16,0,1,,,,TRUE,FALSE,FALSE,FALSE
2011-08-29,17443,2011,8,29,Monday,3,14,67,1017,14,0,,,,,FALSE,FALSE,FALSE,FALSE
2011-08-30,21477,2011,8,30,Tuesday,3,14,66,1017,10,0,,,,,FALSE,FALSE,FALSE,FALSE
2011-08-31,23036,2011,8,31,Wednesday,3,16,68,1016,5,0,,,,,FALSE,FALSE,FALSE,FALSE
2011-09-01,25110,2011,9,1,Thursday,3,16,74,1014,11,0,,,,,FALSE,FALSE,FALSE,FALSE
2011-09-02,25981,2011,9,2,Friday,3,19,73,1011,10,0,,,,,FALSE,FALSE,FALSE,FALSE
2011-09-03,24578,2011,9,3,Saturday,3,19,75,1009,13,0,,,,,FALSE,FALSE,FALSE,FALSE
2011-09-04,14967,2011,9,4,Sunday,3,17,83,1006,14,0,1,,,,TRUE,FALSE,FALSE,FALSE
2011-09-05,21776,2011,9,5,Monday,3,14,72,1011,23,0,1,,,,TRUE,FALSE,FALSE,FALSE
2011-09-06,13863,2011,9,6,Tuesday,3,16,82,1007,27,0,1,,,,TRUE,FALSE,FALSE,FALSE
2011-09-07,22746,2011,9,7,Wednesday,3,14,77,1011,24,0,1,,,,TRUE,FALSE,FALSE,FALSE
2011-09-08,23679,2011,9,8,Thursday,3,17,78,1009,19,0,1,,,,TRUE,FALSE,FALSE,FALSE
2011-09-09,23957,2011,9,9,Friday,3,18,84,1009,13,0,1,,,,TRUE,FALSE,FALSE,FALSE
2011-09-10,20069,2011,9,10,Saturday,3,19,82,1004,14,0,1,,,,TRUE,FALSE,FALSE,FALSE
2011-09-11,17719,2011,9,11,Sunday,3,18,75,1005,19,0,1,,,,TRUE,FALSE,FALSE,FALSE
2011-09-12,21572,2011,9,12,Monday,3,18,70,1004,29,0,1,,,,TRUE,FALSE,FALSE,FALSE
2011-09-13,23962,2011,9,13,Tuesday,3,16,67,1012,26,0,1,,,,TRUE,FALSE,FALSE,FALSE
2011-09-14,25824,2011,9,14,Wednesday,3,14,66,1017,18,0,,,,,FALSE,FALSE,FALSE,FALSE
2011-09-15,25803,2011,9,15,Thursday,3,13,72,1020,6,0,,,,,FALSE,FALSE,FALSE,FALSE
2011-09-16,25567,2011,9,16,Friday,3,16,72,1013,13,0,1,,1,,TRUE,FALSE,TRUE,FALSE
2011-09-17,15147,2011,9,17,Saturday,3,14,78,1006,19,0,1,,,,TRUE,FALSE,FALSE,FALSE
2011-09-18,17327,2011,9,18,Sunday,3,12,80,1003,11,0,,,,,FALSE,FALSE,FALSE,FALSE
2011-09-19,23708,2011,9,19,Monday,3,13,78,1013,16,0,,,,,FALSE,FALSE,FALSE,FALSE
2011-09-20,23676,2011,9,20,Tuesday,3,17,79,1017,19,0,,,,,FALSE,FALSE,FALSE,FALSE
2011-09-21,22730,2011,9,21,Wednesday,4,16,78,1017,13,0,1,,,,TRUE,FALSE,FALSE,FALSE
2011-09-22,24601,2011,9,22,Thursday,4,16,72,1019,16,0,,,,,FALSE,FALSE,FALSE,FALSE
2011-09-23,25114,2011,9,23,Friday,4,13,77,1018,10,0,,,,,FALSE,FALSE,FALSE,FALSE
2011-09-24,22113,2011,9,24,Saturday,4,14,82,1014,8,0,,,,,FALSE,FALSE,FALSE,FALSE
2011-09-25,21211,2011,9,25,Sunday,4,16,80,1015,11,0,,,,,FALSE,FALSE,FALSE,FALSE
2011-09-26,20527,2011,9,26,Monday,4,18,81,1020,11,0,1,,,,TRUE,FALSE,FALSE,FALSE
2011-09-27,24841,2011,9,27,Tuesday,4,16,87,1028,8,0,,1,,,FALSE,TRUE,FALSE,FALSE
2011-09-28,28434,2011,9,28,Wednesday,4,18,76,1026,6,0,,1,,,FALSE,TRUE,FALSE,FALSE
2011-09-29,29039,2011,9,29,Thursday,4,20,72,1023,6,0,,1,,,FALSE,TRUE,FALSE,FALSE
2011-09-30,29139,2011,9,30,Friday,4,20,70,1023,6,0,,,,,FALSE,FALSE,FALSE,FALSE
2011-10-01,27129,2011,10,1,Saturday,4,20,67,1024,3,0,,,,,FALSE,FALSE,FALSE,FALSE
2011-10-02,26906,2011,10,2,Sunday,4,20,66,1024,6,0,,,,,FALSE,FALSE,FALSE,FALSE
2011-10-03,27559,2011,10,3,Monday,4,20,65,1019,14,0,,,,,FALSE,FALSE,FALSE,FALSE
2011-10-04,26131,2011,10,4,Tuesday,4,17,79,1020,19,0,,,,,FALSE,FALSE,FALSE,FALSE
2011-10-05,26263,2011,10,5,Wednesday,4,17,79,1016,21,0,1,,,,TRUE,FALSE,FALSE,FALSE
2011-10-06,25083,2011,10,6,Thursday,4,13,68,1010,31,0,1,,,,TRUE,FALSE,FALSE,FALSE
2011-10-07,24529,2011,10,7,Friday,4,12,72,1018,21,0,,,,,FALSE,FALSE,FALSE,FALSE
2011-10-08,18154,2011,10,8,Saturday,4,12,77,1022,16,0,1,,,,TRUE,FALSE,FALSE,FALSE
2011-10-09,17643,2011,10,9,Sunday,4,18,81,1018,21,0,1,,,,TRUE,FALSE,FALSE,FALSE
2011-10-10,24198,2011,10,10,Monday,4,18,74,1018,32,0,,,,,FALSE,FALSE,FALSE,FALSE
2011-10-11,26184,2011,10,11,Tuesday,4,17,77,1019,29,0,,,,,FALSE,FALSE,FALSE,FALSE
2011-10-12,26323,2011,10,12,Wednesday,4,17,80,1021,19,0,,,,,FALSE,FALSE,FALSE,FALSE
2011-10-13,25149,2011,10,13,Thursday,4,13,83,1028,8,0,,,,,FALSE,FALSE,FALSE,FALSE
2011-10-14,26542,2011,10,14,Friday,4,12,70,1030,10,0,,,,,FALSE,FALSE,FALSE,FALSE
2011-10-15,23663,2011,10,15,Saturday,4,11,72,1025,6,0,,,,,FALSE,FALSE,FALSE,FALSE
2011-10-16,18530,2011,10,16,Sunday,4,11,86,1023,6,0,,1,,,FALSE,TRUE,FALSE,FALSE
2011-10-17,23892,2011,10,17,Monday,4,11,78,1017,16,0,,,,,FALSE,FALSE,FALSE,FALSE
2011-10-18,23791,2011,10,18,Tuesday,4,11,69,1010,26,0,1,,,,TRUE,FALSE,FALSE,FALSE
2011-10-19,23259,2011,10,19,Wednesday,4,8,76,1018,16,0,1,,,,TRUE,FALSE,FALSE,FALSE
2011-10-20,23157,2011,10,20,Thursday,4,7,75,1027,11,0,,,,,FALSE,FALSE,FALSE,FALSE
2011-10-21,23253,2011,10,21,Friday,4,10,74,1024,11,0,,,,,FALSE,FALSE,FALSE,FALSE
2011-10-22,20482,2011,10,22,Saturday,4,9,73,1015,13,0,,,,,FALSE,FALSE,FALSE,FALSE
2011-10-23,18560,2011,10,23,Sunday,4,13,74,1006,16,0,,,,,FALSE,FALSE,FALSE,FALSE
2011-10-24,22842,2011,10,24,Monday,4,14,73,995,21,0,1,,,,TRUE,FALSE,FALSE,FALSE
2011-10-25,22771,2011,10,25,Tuesday,4,12,81,996,14,0,1,,,,TRUE,FALSE,FALSE,FALSE
2011-10-26,17621,2011,10,26,Wednesday,4,9,88,1004,11,0,1,,,,TRUE,FALSE,FALSE,FALSE
2011-10-27,19360,2011,10,27,Thursday,4,12,89,1007,11,0,1,,,,TRUE,FALSE,FALSE,FALSE
2011-10-28,23158,2011,10,28,Friday,4,12,81,1021,6,0,,,,,FALSE,FALSE,FALSE,FALSE
2011-10-29,18228,2011,10,29,Saturday,4,13,80,1020,11,0,,,,,FALSE,FALSE,FALSE,FALSE
2011-10-30,15443,2011,10,30,Sunday,4,14,88,1018,18,0,,,,,FALSE,FALSE,FALSE,FALSE
2011-10-31,22999,2011,10,31,Monday,4,14,85,1013,16,0,,,,,FALSE,FALSE,FALSE,FALSE
2011-11-01,22747,2011,11,1,Tuesday,4,12,82,1009,13,0,1,,,,TRUE,FALSE,FALSE,FALSE
2011-11-02,23724,2011,11,2,Wednesday,4,11,85,1004,14,0,1,,,,TRUE,FALSE,FALSE,FALSE
2011-11-03,18676,2011,11,3,Thursday,4,14,87,993,18,0,1,,,,TRUE,FALSE,FALSE,FALSE
2011-11-04,18774,2011,11,4,Friday,4,13,90,995,11,0,1,,,,TRUE,FALSE,FALSE,FALSE
2011-11-05,16434,2011,11,5,Saturday,4,12,89,1008,8,0,,1,,,FALSE,TRUE,FALSE,FALSE
2011-11-06,14317,2011,11,6,Sunday,4,10,77,1022,13,0,,,,,FALSE,FALSE,FALSE,FALSE
2011-11-07,20365,2011,11,7,Monday,4,11,88,1021,13,0,,,,,FALSE,FALSE,FALSE,FALSE
2011-11-08,19231,2011,11,8,Tuesday,4,10,93,1014,10,0,1,,,,TRUE,FALSE,FALSE,FALSE
2011-11-09,22542,2011,11,9,Wednesday,4,12,90,1015,11,0,,,,,FALSE,FALSE,FALSE,FALSE
2011-11-10,23475,2011,11,10,Thursday,4,11,90,1017,10,0,,,,,FALSE,FALSE,FALSE,FALSE
2011-11-11,21140,2011,11,11,Friday,4,9,94,1016,13,0,1,1,,,TRUE,TRUE,FALSE,FALSE
2011-11-12,18933,2011,11,12,Saturday,4,13,92,1025,11,0,1,,,,TRUE,FALSE,FALSE,FALSE
2011-11-13,17744,2011,11,13,Sunday,4,13,88,1027,13,0,,,,,FALSE,FALSE,FALSE,FALSE
2011-11-14,19913,2011,11,14,Monday,4,9,92,1023,13,0,,,,,FALSE,FALSE,FALSE,FALSE
2011-11-15,22245,2011,11,15,Tuesday,4,8,86,1018,11,0,,,,,FALSE,FALSE,FALSE,FALSE
2011-11-16,21639,2011,11,16,Wednesday,4,7,92,1017,10,0,1,,,,TRUE,FALSE,FALSE,FALSE
2011-11-17,22802,2011,11,17,Thursday,4,10,85,1018,10,0,,1,,,FALSE,TRUE,FALSE,FALSE
2011-11-18,22461,2011,11,18,Friday,4,10,86,1017,11,0,,,,,FALSE,FALSE,FALSE,FALSE
2011-11-19,18706,2011,11,19,Saturday,4,9,91,1016,10,0,,1,,,FALSE,TRUE,FALSE,FALSE
2011-11-20,14829,2011,11,20,Sunday,4,4,99,1019,5,0,,1,,,FALSE,TRUE,FALSE,FALSE
2011-11-21,20824,2011,11,21,Monday,4,7,94,1015,10,0,1,1,,,TRUE,TRUE,FALSE,FALSE
2011-11-22,20341,2011,11,22,Tuesday,4,10,93,1019,6,0,1,1,,,TRUE,TRUE,FALSE,FALSE
2011-11-23,21855,2011,11,23,Wednesday,4,7,93,1027,8,0,,1,,,FALSE,TRUE,FALSE,FALSE
2011-11-24,21870,2011,11,24,Thursday,4,10,88,1027,14,0,,,,,FALSE,FALSE,FALSE,FALSE
2011-11-25,21598,2011,11,25,Friday,4,10,79,1024,21,0,1,,,,TRUE,FALSE,FALSE,FALSE
2011-11-26,15803,2011,11,26,Saturday,4,10,77,1025,19,0,,,,,FALSE,FALSE,FALSE,FALSE
2011-11-27,14362,2011,11,27,Sunday,4,9,70,1021,26,0,,,,,FALSE,FALSE,FALSE,FALSE
2011-11-28,20167,2011,11,28,Monday,4,7,86,1022,6,0,,,,,FALSE,FALSE,FALSE,FALSE
2011-11-29,18718,2011,11,29,Tuesday,4,9,80,1009,24,0,1,,,,TRUE,FALSE,FALSE,FALSE
2011-11-30,20956,2011,11,30,Wednesday,4,9,78,1019,18,0,1,,,,TRUE,FALSE,FALSE,FALSE
2011-12-01,16481,2011,12,1,Thursday,4,9,80,1007,18,0,1,,,,TRUE,FALSE,FALSE,FALSE
2011-12-02,19146,2011,12,2,Friday,4,4,87,1012,13,0,1,,,,TRUE,FALSE,FALSE,FALSE
2011-12-03,13776,2011,12,3,Saturday,4,10,79,1003,24,0,1,,,,TRUE,FALSE,FALSE,FALSE
2011-12-04,10276,2011,12,4,Sunday,4,7,80,1001,18,0,1,,,,TRUE,FALSE,FALSE,FALSE
2011-12-05,18176,2011,12,5,Monday,4,4,75,1006,21,0,,,,,FALSE,FALSE,FALSE,FALSE
2011-12-06,18943,2011,12,6,Tuesday,4,4,79,1007,19,0,,,,,FALSE,FALSE,FALSE,FALSE
2011-12-07,19279,2011,12,7,Wednesday,4,7,66,1009,27,0,,,,,FALSE,FALSE,FALSE,FALSE
2011-12-08,17313,2011,12,8,Thursday,4,8,81,1010,23,0,1,,,,TRUE,FALSE,FALSE,FALSE
2011-12-09,18421,2011,12,9,Friday,4,4,71,1011,24,0,,,,,FALSE,FALSE,FALSE,FALSE
2011-12-10,11864,2011,12,10,Saturday,4,2,80,1015,13,0,,,,,FALSE,FALSE,FALSE,FALSE
2011-12-11,8368,2011,12,11,Sunday,4,6,87,1007,13,0,1,,,,TRUE,FALSE,FALSE,FALSE
2011-12-12,16554,2011,12,12,Monday,4,7,83,1002,19,0,1,,,,TRUE,FALSE,FALSE,FALSE
2011-12-13,17111,2011,12,13,Tuesday,4,8,72,990,31,0,1,,,,TRUE,FALSE,FALSE,FALSE
2011-12-14,17543,2011,12,14,Wednesday,4,4,78,994,18,0,1,,,,TRUE,FALSE,FALSE,FALSE
2011-12-15,17081,2011,12,15,Thursday,4,6,78,996,21,0,1,,,,TRUE,FALSE,FALSE,FALSE
2011-12-16,11778,2011,12,16,Friday,4,3,86,989,16,0,1,,,1,TRUE,FALSE,FALSE,TRUE
2011-12-17,8925,2011,12,17,Saturday,4,2,85,1009,14,0,1,,,,TRUE,FALSE,FALSE,FALSE
2011-12-18,7485,2011,12,18,Sunday,4,3,83,1016,13,0,1,,,,TRUE,FALSE,FALSE,FALSE
2011-12-19,11270,2011,12,19,Monday,4,2,92,1014,8,0,1,,,,TRUE,FALSE,FALSE,FALSE
2011-12-20,15685,2011,12,20,Tuesday,4,7,80,1015,13,0,1,,,,TRUE,FALSE,FALSE,FALSE
2011-12-21,14158,2011,12,21,Wednesday,4,9,91,1018,11,0,1,,,,TRUE,FALSE,FALSE,FALSE
2011-12-22,15099,2011,12,22,Thursday,1,10,84,1025,16,0,,,,,FALSE,FALSE,FALSE,FALSE
2011-12-23,9131,2011,12,23,Friday,1,8,82,1017,21,0,1,,,,TRUE,FALSE,FALSE,FALSE
2011-12-24,4890,2011,12,24,Saturday,1,6,80,1028,18,0,1,,,,TRUE,FALSE,FALSE,FALSE
2011-12-25,17998,2011,12,25,Sunday,1,10,79,1028,21,0,,,,,FALSE,FALSE,FALSE,FALSE
2011-12-26,10953,2011,12,26,Monday,1,11,81,1033,23,0,,,,,FALSE,FALSE,FALSE,FALSE
2011-12-27,8076,2011,12,27,Tuesday,1,9,73,1032,18,0,,,,,FALSE,FALSE,FALSE,FALSE
2011-12-28,9888,2011,12,28,Wednesday,1,8,74,1021,23,0,1,,,,TRUE,FALSE,FALSE,FALSE
2011-12-29,8368,2011,12,29,Thursday,1,8,73,1020,26,0,1,,,,TRUE,FALSE,FALSE,FALSE
2011-12-30,6900,2011,12,30,Friday,1,8,84,1016,18,0,1,,,,TRUE,FALSE,FALSE,FALSE
2011-12-31,7793,2011,12,31,Saturday,1,12,86,1010,23,0,1,,,,TRUE,FALSE,FALSE,FALSE
2012-01-01,5171,2012,1,1,Sunday,1,10,86,1004,21,0,1,,,,TRUE,FALSE,FALSE,FALSE
2012-01-02,9091,2012,1,2,Monday,1,6,79,1008,18,0,,,,,FALSE,FALSE,FALSE,FALSE
2012-01-03,10094,2012,1,3,Tuesday,1,9,79,1003,31,0,1,,,,TRUE,FALSE,FALSE,FALSE
2012-01-04,13936,2012,1,4,Wednesday,1,8,75,1013,31,0,1,,,,TRUE,FALSE,FALSE,FALSE
2012-01-05,14191,2012,1,5,Thursday,1,9,68,1005,43,0,1,,,,TRUE,FALSE,FALSE,FALSE
2012-01-06,17713,2012,1,6,Friday,1,6,77,1024,16,0,,,,,FALSE,FALSE,FALSE,FALSE
2012-01-07,12556,2012,1,7,Saturday,1,9,70,1022,24,0,,,,,FALSE,FALSE,FALSE,FALSE
2012-01-08,10487,2012,1,8,Sunday,1,8,74,1027,13,0,1,,,,TRUE,FALSE,FALSE,FALSE
2012-01-09,19472,2012,1,9,Monday,1,9,82,1030,16,0,,,,,FALSE,FALSE,FALSE,FALSE
2012-01-10,20548,2012,1,10,Tuesday,1,10,85,1033,14,0,,,,,FALSE,FALSE,FALSE,FALSE
2012-01-11,20958,2012,1,11,Wednesday,1,9,82,1033,16,0,,,,,FALSE,FALSE,FALSE,FALSE
2012-01-12,20879,2012,1,12,Thursday,1,9,77,1028,19,0,,,,,FALSE,FALSE,FALSE,FALSE
2012-01-13,19691,2012,1,13,Friday,1,3,81,1033,6,0,,,,,FALSE,FALSE,FALSE,FALSE
2012-01-14,13843,2012,1,14,Saturday,1,2,85,1030,5,0,,1,,,FALSE,TRUE,FALSE,FALSE
2012-01-15,12149,2012,1,15,Sunday,1,3,77,1024,13,0,,,,,FALSE,FALSE,FALSE,FALSE
2012-01-16,19136,2012,1,16,Monday,1,2,74,1025,10,0,,,,,FALSE,FALSE,FALSE,FALSE
2012-01-17,20170,2012,1,17,Tuesday,1,1,82,1027,6,0,,,,,FALSE,FALSE,FALSE,FALSE
2012-01-18,17972,2012,1,18,Wednesday,1,7,91,1023,14,0,1,,,,TRUE,FALSE,FALSE,FALSE
2012-01-19,15441,2012,1,19,Thursday,1,9,83,1019,23,0,1,,,,TRUE,FALSE,FALSE,FALSE
2012-01-20,18703,2012,1,20,Friday,1,8,75,1019,24,0,1,,,,TRUE,FALSE,FALSE,FALSE
2012-01-21,13339,2012,1,21,Saturday,1,10,71,1012,26,0,,,,,FALSE,FALSE,FALSE,FALSE
2012-01-22,12845,2012,1,22,Sunday,1,9,66,1014,23,0,,,,,FALSE,FALSE,FALSE,FALSE
2012-01-23,20193,2012,1,23,Monday,1,6,79,1019,16,0,,,,,FALSE,FALSE,FALSE,FALSE
2012-01-24,13269,2012,1,24,Tuesday,1,6,93,1019,11,0,1,,,,TRUE,FALSE,FALSE,FALSE
2012-01-25,20836,2012,1,25,Wednesday,1,9,87,1015,14,0,,,,,FALSE,FALSE,FALSE,FALSE
2012-01-26,19515,2012,1,26,Thursday,1,7,79,1009,21,0,1,,,,TRUE,FALSE,FALSE,FALSE
2012-01-27,20775,2012,1,27,Friday,1,6,76,1019,14,0,1,,,,TRUE,FALSE,FALSE,FALSE
2012-01-28,13272,2012,1,28,Saturday,1,3,85,1028,8,0,,,,,FALSE,FALSE,FALSE,FALSE
2012-01-29,10949,2012,1,29,Sunday,1,3,86,1030,8,0,,,,,FALSE,FALSE,FALSE,FALSE
2012-01-30,18955,2012,1,30,Monday,1,2,77,1026,6,0,,,,1,FALSE,FALSE,FALSE,TRUE
2012-01-31,18176,2012,1,31,Tuesday,1,0,83,1026,8,0,,,,1,FALSE,FALSE,FALSE,TRUE
2012-02-01,18208,2012,2,1,Wednesday,1,1,64,1032,18,0,,,,,FALSE,FALSE,FALSE,FALSE
2012-02-02,16916,2012,2,2,Thursday,1,-1,57,1036,14,0,,,,,FALSE,FALSE,FALSE,FALSE
2012-02-03,16185,2012,2,3,Friday,1,-2,69,1039,8,0,,,,,FALSE,FALSE,FALSE,FALSE
2012-02-04,8348,2012,2,4,Saturday,1,-2,83,1035,8,0,,,,1,FALSE,FALSE,FALSE,TRUE
2012-02-05,3531,2012,2,5,Sunday,1,1,93,1027,6,0,,,,1,FALSE,FALSE,FALSE,TRUE
2012-02-06,15202,2012,2,6,Monday,1,3,90,1033,5,0,,1,,,FALSE,TRUE,FALSE,FALSE
2012-02-07,17722,2012,2,7,Tuesday,1,0,74,1040,8,0,1,,,1,TRUE,FALSE,FALSE,TRUE
2012-02-08,16442,2012,2,8,Wednesday,1,-1,74,1041,13,0,,,,,FALSE,FALSE,FALSE,FALSE
2012-02-09,16363,2012,2,9,Thursday,1,0,78,1039,6,0,,,,1,FALSE,FALSE,FALSE,TRUE
2012-02-10,15117,2012,2,10,Friday,1,-1,80,1038,10,0,,,,1,FALSE,FALSE,FALSE,TRUE
2012-02-11,9912,2012,2,11,Saturday,1,-3,78,1037,5,0,,,,,FALSE,FALSE,FALSE,FALSE
2012-02-12,8020,2012,2,12,Sunday,1,-1,85,1034,6,0,1,,,,TRUE,FALSE,FALSE,FALSE
2012-02-13,13172,2012,2,13,Monday,1,3,85,1027,11,0,1,,,,TRUE,FALSE,FALSE,FALSE
2012-02-14,17946,2012,2,14,Tuesday,1,7,72,1025,13,0,,,,,FALSE,FALSE,FALSE,FALSE
2012-02-15,19396,2012,2,15,Wednesday,1,9,69,1026,18,0,1,,,,TRUE,FALSE,FALSE,FALSE
2012-02-16,19505,2012,2,16,Thursday,1,7,71,1027,13,0,,,,,FALSE,FALSE,FALSE,FALSE
2012-02-17,19444,2012,2,17,Friday,1,9,81,1023,14,0,,,,,FALSE,FALSE,FALSE,FALSE
2012-02-18,9463,2012,2,18,Saturday,1,7,74,1012,24,0,1,,,,TRUE,FALSE,FALSE,FALSE
2012-02-19,12655,2012,2,19,Sunday,1,3,63,1025,14,0,,,,,FALSE,FALSE,FALSE,FALSE
2012-02-20,18802,2012,2,20,Monday,1,3,70,1032,8,0,,,,,FALSE,FALSE,FALSE,FALSE
2012-02-21,20861,2012,2,21,Tuesday,1,8,71,1029,18,0,,,,,FALSE,FALSE,FALSE,FALSE
2012-02-22,18112,2012,2,22,Wednesday,1,9,81,1023,24,0,1,,,,TRUE,FALSE,FALSE,FALSE
2012-02-23,23391,2012,2,23,Thursday,1,13,81,1023,19,0,,,,,FALSE,FALSE,FALSE,FALSE
2012-02-24,22067,2012,2,24,Friday,1,11,81,1027,19,0,,,,,FALSE,FALSE,FALSE,FALSE
2012-02-25,19349,2012,2,25,Saturday,1,9,65,1027,8,0,,,,,FALSE,FALSE,FALSE,FALSE
2012-02-26,17646,2012,2,26,Sunday,1,7,74,1028,6,0,,,,,FALSE,FALSE,FALSE,FALSE
2012-02-27,20936,2012,2,27,Monday,1,8,81,1025,14,0,1,,,,TRUE,FALSE,FALSE,FALSE
2012-02-28,23423,2012,2,28,Tuesday,1,11,84,1024,13,0,,,,,FALSE,FALSE,FALSE,FALSE
2012-02-29,23692,2012,2,29,Wednesday,1,11,83,1025,10,0,,,,,FALSE,FALSE,FALSE,FALSE
2012-03-01,25116,2012,3,1,Thursday,1,9,80,1026,6,0,,1,,,FALSE,TRUE,FALSE,FALSE
2012-03-02,21928,2012,3,2,Friday,1,7,87,1025,6,0,,1,,,FALSE,TRUE,FALSE,FALSE
2012-03-03,17697,2012,3,3,Saturday,1,11,78,1019,13,0,1,,,,TRUE,FALSE,FALSE,FALSE
2012-03-04,5062,2012,3,4,Sunday,1,6,85,1016,14,0,1,,,,TRUE,FALSE,FALSE,FALSE
2012-03-05,19342,2012,3,5,Monday,1,7,61,1022,24,0,,,,,FALSE,FALSE,FALSE,FALSE
2012-03-06,21102,2012,3,6,Tuesday,1,4,75,1025,11,0,,,,,FALSE,FALSE,FALSE,FALSE
2012-03-07,17096,2012,3,7,Wednesday,1,8,74,1017,19,0,1,,,,TRUE,FALSE,FALSE,FALSE
2012-03-08,24123,2012,3,8,Thursday,1,6,69,1031,14,0,,,,,FALSE,FALSE,FALSE,FALSE
2012-03-09,23609,2012,3,9,Friday,1,8,75,1034,14,0,,,,,FALSE,FALSE,FALSE,FALSE
2012-03-10,24721,2012,3,10,Saturday,1,12,79,1036,14,0,,,,,FALSE,FALSE,FALSE,FALSE
2012-03-11,27758,2012,3,11,Sunday,1,10,76,1037,6,0,,1,,,FALSE,TRUE,FALSE,FALSE
2012-03-12,28856,2012,3,12,Monday,1,9,84,1035,6,0,,1,,,FALSE,TRUE,FALSE,FALSE
2012-03-13,27528,2012,3,13,Tuesday,1,8,85,1034,6,0,,,,,FALSE,FALSE,FALSE,FALSE
2012-03-14,28296,2012,3,14,Wednesday,1,8,78,1031,8,0,,,,,FALSE,FALSE,FALSE,FALSE
2012-03-15,29969,2012,3,15,Thursday,1,8,84,1024,8,0,,1,,,FALSE,TRUE,FALSE,FALSE
2012-03-16,26452,2012,3,16,Friday,1,9,73,1019,19,0,,,,,FALSE,FALSE,FALSE,FALSE
2012-03-17,13391,2012,3,17,Saturday,1,9,85,1013,13,0,1,,,,TRUE,FALSE,FALSE,FALSE
2012-03-18,19184,2012,3,18,Sunday,1,7,80,1018,10,0,,,,,FALSE,FALSE,FALSE,FALSE
2012-03-19,28391,2012,3,19,Monday,1,7,67,1032,10,0,,,,,FALSE,FALSE,FALSE,FALSE
2012-03-20,30817,2012,3,20,Tuesday,1,9,70,1035,11,0,,,,,FALSE,FALSE,FALSE,FALSE
2012-03-21,31175,2012,3,21,Wednesday,2,11,65,1034,8,0,,,,,FALSE,FALSE,FALSE,FALSE
2012-03-22,31135,2012,3,22,Thursday,2,11,67,1029,14,0,,,,,FALSE,FALSE,FALSE,FALSE
2012-03-23,33635,2012,3,23,Friday,2,13,69,1026,6,0,,,,,FALSE,FALSE,FALSE,FALSE
2012-03-24,35091,2012,3,24,Saturday,2,12,69,1028,8,0,,,,,FALSE,FALSE,FALSE,FALSE
2012-03-25,28607,2012,3,25,Sunday,2,10,71,1033,8,0,,1,,,FALSE,TRUE,FALSE,FALSE
2012-03-26,32368,2012,3,26,Monday,2,11,66,1036,11,0,,,,,FALSE,FALSE,FALSE,FALSE
2012-03-27,34563,2012,3,27,Tuesday,2,12,52,1036,8,0,,,,,FALSE,FALSE,FALSE,FALSE
2012-03-28,36539,2012,3,28,Wednesday,2,13,43,1032,5,0,,,,,FALSE,FALSE,FALSE,FALSE
2012-03-29,35954,2012,3,29,Thursday,2,13,55,1028,6,0,,,,,FALSE,FALSE,FALSE,FALSE
2012-03-30,35666,2012,3,30,Friday,2,12,70,1024,8,0,,,,,FALSE,FALSE,FALSE,FALSE
2012-03-31,23038,2012,3,31,Saturday,2,8,69,1020,11,0,,,,,FALSE,FALSE,FALSE,FALSE
2012-04-01,30513,2012,4,1,Sunday,2,7,59,1021,6,0,,,,,FALSE,FALSE,FALSE,FALSE
2012-04-02,32142,2012,4,2,Monday,2,9,59,1011,5,0,,,,,FALSE,FALSE,FALSE,FALSE
2012-04-03,25956,2012,4,3,Tuesday,2,9,71,1003,8,0,1,,,,TRUE,FALSE,FALSE,FALSE
2012-04-04,27912,2012,4,4,Wednesday,2,7,73,1007,10,0,1,,,,TRUE,FALSE,FALSE,FALSE
2012-04-05,24383,2012,4,5,Thursday,2,7,73,1019,14,0,1,,,,TRUE,FALSE,FALSE,FALSE
2012-04-06,22354,2012,4,6,Friday,2,7,64,1016,8,0,,,,,FALSE,FALSE,FALSE,FALSE
2012-04-07,16848,2012,4,7,Saturday,2,9,73,1012,10,0,1,,,,TRUE,FALSE,FALSE,FALSE
2012-04-08,15717,2012,4,8,Sunday,2,10,77,1012,11,0,1,,,,TRUE,FALSE,FALSE,FALSE
2012-04-09,6214,2012,4,9,Monday,2,9,88,996,21,3.05,1,,,,TRUE,FALSE,FALSE,FALSE
2012-04-10,24898,2012,4,10,Tuesday,2,9,66,990,23,0,1,,,,TRUE,FALSE,FALSE,FALSE
2012-04-11,29345,2012,4,11,Wednesday,2,8,67,997,11,0,1,,,,TRUE,FALSE,FALSE,FALSE
2012-04-12,25772,2012,4,12,Thursday,2,8,75,1003,8,2.03,1,,1,,TRUE,FALSE,TRUE,FALSE
2012-04-13,27673,2012,4,13,Friday,2,8,71,1005,6,0,1,1,,,TRUE,TRUE,FALSE,FALSE
2012-04-14,26193,2012,4,14,Saturday,2,9,66,1008,11,0,1,,,,TRUE,FALSE,FALSE,FALSE
2012-04-15,10188,2012,4,15,Sunday,2,7,63,1020,13,0,1,,,,TRUE,FALSE,FALSE,FALSE
2012-04-16,28188,2012,4,16,Monday,2,6,56,1024,8,0,,,,,FALSE,FALSE,FALSE,FALSE
2012-04-17,20105,2012,4,17,Tuesday,2,10,69,1002,23,3.05,1,,,,TRUE,FALSE,FALSE,FALSE
2012-04-18,16651,2012,4,18,Wednesday,2,9,83,981,19,4.06,1,,,,TRUE,FALSE,FALSE,FALSE
2012-04-19,18759,2012,4,19,Thursday,2,9,85,984,19,2.03,1,,,,TRUE,FALSE,FALSE,FALSE
2012-04-20,22730,2012,4,20,Friday,2,8,80,993,14,7.11,1,,,,TRUE,FALSE,FALSE,FALSE
2012-04-21,22014,2012,4,21,Saturday,2,9,70,997,16,0,1,,,,TRUE,FALSE,FALSE,FALSE
2012-04-22,19707,2012,4,22,Sunday,2,9,75,1002,16,0.51,1,,,,TRUE,FALSE,FALSE,FALSE
2012-04-23,19262,2012,4,23,Monday,2,8,83,995,14,2.03,1,,,,TRUE,FALSE,FALSE,FALSE
2012-04-24,27522,2012,4,24,Tuesday,2,10,70,997,13,0,1,,,,TRUE,FALSE,FALSE,FALSE
2012-04-25,12737,2012,4,25,Wednesday,2,9,84,987,19,11.94,1,,1,,TRUE,FALSE,TRUE,FALSE
2012-04-26,21740,2012,4,26,Thursday,2,11,73,993,27,2.03,1,,,,TRUE,FALSE,FALSE,FALSE
2012-04-27,24263,2012,4,27,Friday,2,12,73,1010,19,3.05,1,,,,TRUE,FALSE,FALSE,FALSE
2012-04-28,7827,2012,4,28,Saturday,2,8,88,1015,13,3.05,1,,,,TRUE,FALSE,FALSE,FALSE
2012-04-29,9951,2012,4,29,Sunday,2,10,84,1004,26,6.1,1,,,,TRUE,FALSE,FALSE,FALSE
2012-04-30,31909,2012,4,30,Monday,2,13,63,1012,23,0.51,1,,,,TRUE,FALSE,FALSE,FALSE
2012-05-01,24523,2012,5,1,Tuesday,2,14,80,1016,16,3.05,1,,,,TRUE,FALSE,FALSE,FALSE
2012-05-02,28381,2012,5,2,Wednesday,2,12,82,1019,10,0.51,1,,,,TRUE,FALSE,FALSE,FALSE
2012-05-03,23768,2012,5,3,Thursday,2,9,87,1012,10,0,1,,,,TRUE,FALSE,FALSE,FALSE
2012-05-04,25503,2012,5,4,Friday,2,8,81,1007,8,0,1,,,,TRUE,FALSE,FALSE,FALSE
2012-05-05,16009,2012,5,5,Saturday,2,8,70,1010,14,0.25,1,,,,TRUE,FALSE,FALSE,FALSE
2012-05-06,17160,2012,5,6,Sunday,2,7,69,1014,11,0,1,,,,TRUE,FALSE,FALSE,FALSE
2012-05-07,15227,2012,5,7,Monday,2,9,81,1014,10,0.76,1,,,,TRUE,FALSE,FALSE,FALSE
2012-05-08,28585,2012,5,8,Tuesday,2,14,77,1007,14,0.51,1,,,,TRUE,FALSE,FALSE,FALSE
2012-05-09,21758,2012,5,9,Wednesday,2,12,90,1008,11,2.03,1,,,,TRUE,FALSE,FALSE,FALSE
2012-05-10,26164,2012,5,10,Thursday,2,16,88,1009,23,4.06,1,,,,TRUE,FALSE,FALSE,FALSE
2012-05-11,31385,2012,5,11,Friday,2,12,60,1022,24,0,,,,,FALSE,FALSE,FALSE,FALSE
2012-05-12,30699,2012,5,12,Saturday,2,10,53,1037,10,0,,,,,FALSE,FALSE,FALSE,FALSE
2012-05-13,28778,2012,5,13,Sunday,2,11,58,1030,11,0,,,,,FALSE,FALSE,FALSE,FALSE
2012-05-14,23344,2012,5,14,Monday,2,9,77,1016,19,2.03,1,,,,TRUE,FALSE,FALSE,FALSE
2012-05-15,18409,2012,5,15,Tuesday,2,9,77,1016,14,4.06,1,,1,,TRUE,FALSE,TRUE,FALSE
2012-05-16,31453,2012,5,16,Wednesday,2,9,62,1025,11,0,,,,,FALSE,FALSE,FALSE,FALSE
2012-05-17,31219,2012,5,17,Thursday,2,11,64,1017,11,0,,,,,FALSE,FALSE,FALSE,FALSE
2012-05-18,30945,2012,5,18,Friday,2,12,74,1004,14,0,1,,,,TRUE,FALSE,FALSE,FALSE
2012-05-19,28474,2012,5,19,Saturday,2,13,76,1009,13,0,1,,,,TRUE,FALSE,FALSE,FALSE
2012-05-20,22286,2012,5,20,Sunday,2,10,80,1011,13,0,,,,,FALSE,FALSE,FALSE,FALSE
2012-05-21,30905,2012,5,21,Monday,2,13,78,1009,13,0,,,,,FALSE,FALSE,FALSE,FALSE
2012-05-22,36720,2012,5,22,Tuesday,2,19,68,1015,11,0,,,,,FALSE,FALSE,FALSE,FALSE
2012-05-23,40486,2012,5,23,Wednesday,2,21,68,1022,8,0,,,,,FALSE,FALSE,FALSE,FALSE
2012-05-24,42008,2012,5,24,Thursday,2,21,71,1026,8,0,,,,,FALSE,FALSE,FALSE,FALSE
2012-05-25,41357,2012,5,25,Friday,2,21,57,1023,14,0,,,,,FALSE,FALSE,FALSE,FALSE
2012-05-26,39358,2012,5,26,Saturday,2,20,51,1020,18,0,,,,,FALSE,FALSE,FALSE,FALSE
2012-05-27,38781,2012,5,27,Sunday,2,20,50,1018,11,0,,,,,FALSE,FALSE,FALSE,FALSE
2012-05-28,40872,2012,5,28,Monday,2,20,56,1018,8,0,,,,,FALSE,FALSE,FALSE,FALSE
2012-05-29,37962,2012,5,29,Tuesday,2,19,69,1017,10,0,,,,,FALSE,FALSE,FALSE,FALSE
2012-05-30,38803,2012,5,30,Wednesday,2,19,70,1018,11,4.06,1,1,1,,TRUE,TRUE,TRUE,FALSE
2012-05-31,35630,2012,5,31,Thursday,2,17,73,1019,18,0,1,,,,TRUE,FALSE,FALSE,FALSE
2012-06-01,34524,2012,6,1,Friday,2,17,74,1019,11,0,,,,,FALSE,FALSE,FALSE,FALSE
2012-06-02,25283,2012,6,2,Saturday,2,16,80,1014,16,4.06,1,,,,TRUE,FALSE,FALSE,FALSE
2012-06-03,12207,2012,6,3,Sunday,2,11,93,1007,18,4.06,1,,,,TRUE,FALSE,FALSE,FALSE
2012-06-04,22649,2012,6,4,Monday,2,11,73,1014,14,0.51,1,,,,TRUE,FALSE,FALSE,FALSE
2012-06-05,15537,2012,6,5,Tuesday,2,11,81,1014,11,6.1,1,,,,TRUE,FALSE,FALSE,FALSE
2012-06-06,30297,2012,6,6,Wednesday,2,15,79,1002,16,3.05,1,,,,TRUE,FALSE,FALSE,FALSE
2012-06-07,23066,2012,6,7,Thursday,2,15,84,998,14,8.89,1,,,,TRUE,FALSE,FALSE,FALSE
2012-06-08,22224,2012,6,8,Friday,2,14,75,998,35,2.03,1,,,,TRUE,FALSE,FALSE,FALSE
2012-06-09,29258,2012,6,9,Saturday,2,15,57,1010,31,0,1,,,,TRUE,FALSE,FALSE,FALSE
2012-06-10,20876,2012,6,10,Sunday,2,12,76,1008,8,7.87,1,,,,TRUE,FALSE,FALSE,FALSE
2012-06-11,10252,2012,6,11,Monday,2,12,93,1002,13,7.87,1,,,,TRUE,FALSE,FALSE,FALSE
2012-06-12,23742,2012,6,12,Tuesday,2,12,79,1009,13,2.03,1,,,,TRUE,FALSE,FALSE,FALSE
2012-06-13,34447,2012,6,13,Wednesday,2,12,61,1016,6,0,,,,,FALSE,FALSE,FALSE,FALSE
2012-06-14,31593,2012,6,14,Thursday,2,13,68,1015,14,0.25,1,,,,TRUE,FALSE,FALSE,FALSE
2012-06-15,30944,2012,6,15,Friday,2,16,74,1008,23,2.03,1,,,,TRUE,FALSE,FALSE,FALSE
2012-06-16,26300,2012,6,16,Saturday,2,16,68,1008,24,0,1,,,,TRUE,FALSE,FALSE,FALSE
2012-06-17,28531,2012,6,17,Sunday,2,16,63,1016,23,0.25,1,,,,TRUE,FALSE,FALSE,FALSE
2012-06-18,31089,2012,6,18,Monday,2,15,70,1017,10,0.51,1,,,,TRUE,FALSE,FALSE,FALSE
2012-06-19,37601,2012,6,19,Tuesday,2,14,65,1019,10,0,,,,,FALSE,FALSE,FALSE,FALSE
2012-06-20,39267,2012,6,20,Wednesday,2,17,57,1016,10,0,,,,,FALSE,FALSE,FALSE,FALSE
2012-06-21,27052,2012,6,21,Thursday,3,16,82,1006,18,1.02,1,,,,TRUE,FALSE,FALSE,FALSE
2012-06-22,33027,2012,6,22,Friday,3,14,72,1010,26,0.25,1,,,,TRUE,FALSE,FALSE,FALSE
2012-06-23,26900,2012,6,23,Saturday,3,16,67,1019,23,3.05,1,,,,TRUE,FALSE,FALSE,FALSE
2012-06-24,23509,2012,6,24,Sunday,3,16,73,1012,21,0.25,1,,,,TRUE,FALSE,FALSE,FALSE
2012-06-25,36337,2012,6,25,Monday,3,17,65,1017,13,0,,,,,FALSE,FALSE,FALSE,FALSE
2012-06-26,37652,2012,6,26,Tuesday,3,18,69,1020,11,0,,,,,FALSE,FALSE,FALSE,FALSE
2012-06-27,36767,2012,6,27,Wednesday,3,20,79,1017,13,0,1,,,,TRUE,FALSE,FALSE,FALSE
2012-06-28,39571,2012,6,28,Thursday,3,21,71,1005,13,0.25,1,,,,TRUE,FALSE,FALSE,FALSE
2012-06-29,35321,2012,6,29,Friday,3,17,72,1005,21,0,1,,,,TRUE,FALSE,FALSE,FALSE
2012-06-30,32982,2012,6,30,Saturday,3,18,67,1008,21,0,1,,,,TRUE,FALSE,FALSE,FALSE
2012-07-01,27438,2012,7,1,Sunday,3,14,67,1014,23,0.25,1,,,,TRUE,FALSE,FALSE,FALSE
2012-07-02,24963,2012,7,2,Monday,3,15,81,1015,16,2.03,1,,,,TRUE,FALSE,FALSE,FALSE
2012-07-03,27163,2012,7,3,Tuesday,3,17,88,1013,14,1.02,1,,,,TRUE,FALSE,FALSE,FALSE
2012-07-04,32433,2012,7,4,Wednesday,3,19,86,1009,14,0.25,1,,,,TRUE,FALSE,FALSE,FALSE
2012-07-05,40565,2012,7,5,Thursday,3,18,70,1009,10,0,1,,,,TRUE,FALSE,FALSE,FALSE
2012-07-06,24723,2012,7,6,Friday,3,17,84,1007,10,8.89,1,,1,,TRUE,FALSE,TRUE,FALSE
2012-07-07,24782,2012,7,7,Saturday,3,16,80,1007,13,0.51,1,,,,TRUE,FALSE,FALSE,FALSE
2012-07-08,15855,2012,7,8,Sunday,3,18,80,1006,11,0.51,1,,,,TRUE,FALSE,FALSE,FALSE
2012-07-09,30523,2012,7,9,Monday,3,16,81,1011,14,0.25,1,,,,TRUE,FALSE,FALSE,FALSE
2012-07-10,29723,2012,7,10,Tuesday,3,16,80,1011,13,6.1,1,,1,,TRUE,FALSE,TRUE,FALSE
2012-07-11,30544,2012,7,11,Wednesday,3,16,73,1011,18,3.05,1,,,,TRUE,FALSE,FALSE,FALSE
2012-07-12,24736,2012,7,12,Thursday,3,14,79,1012,14,2.03,1,,,,TRUE,FALSE,FALSE,FALSE
2012-07-13,28875,2012,7,13,Friday,3,17,81,1002,18,0.51,1,,,,TRUE,FALSE,FALSE,FALSE
2012-07-14,17999,2012,7,14,Saturday,3,14,85,1005,13,4.06,1,,,,TRUE,FALSE,FALSE,FALSE
2012-07-15,29938,2012,7,15,Sunday,3,16,68,1015,11,0,,,,,FALSE,FALSE,FALSE,FALSE
2012-07-16,24218,2012,7,16,Monday,3,16,82,1020,19,2.03,1,,,,TRUE,FALSE,FALSE,FALSE
2012-07-17,36788,2012,7,17,Tuesday,3,18,74,1022,21,0,1,,,,TRUE,FALSE,FALSE,FALSE
2012-07-18,29841,2012,7,18,Wednesday,3,17,83,1013,21,2.03,1,,,,TRUE,FALSE,FALSE,FALSE
2012-07-19,37032,2012,7,19,Thursday,3,17,71,1011,19,0.25,1,,,,TRUE,FALSE,FALSE,FALSE
2012-07-20,31187,2012,7,20,Friday,3,16,74,1016,8,2.03,1,,,,TRUE,FALSE,FALSE,FALSE
2012-07-21,34776,2012,7,21,Saturday,3,16,66,1024,8,0,,,,,FALSE,FALSE,FALSE,FALSE
2012-07-22,38620,2012,7,22,Sunday,3,18,62,1027,11,0,,,,,FALSE,FALSE,FALSE,FALSE
2012-07-23,42309,2012,7,23,Monday,3,20,55,1023,13,0,,,,,FALSE,FALSE,FALSE,FALSE
2012-07-24,45748,2012,7,24,Tuesday,3,22,54,1018,6,0,,,,,FALSE,FALSE,FALSE,FALSE
2012-07-25,45024,2012,7,25,Wednesday,3,23,47,1016,10,0,,,,,FALSE,FALSE,FALSE,FALSE
2012-07-26,46891,2012,7,26,Thursday,3,21,55,1018,11,0,,,,,FALSE,FALSE,FALSE,FALSE
2012-07-27,42815,2012,7,27,Friday,3,20,68,1012,8,0,1,,,,TRUE,FALSE,FALSE,FALSE
2012-07-28,44617,2012,7,28,Saturday,3,18,52,1011,13,0,,,,,FALSE,FALSE,FALSE,FALSE
2012-07-29,26352,2012,7,29,Sunday,3,14,71,1012,16,2.03,1,,,,TRUE,FALSE,FALSE,FALSE
2012-07-30,41891,2012,7,30,Monday,3,15,57,1015,16,0.25,,,,,FALSE,FALSE,FALSE,FALSE
2012-07-31,35805,2012,7,31,Tuesday,3,16,84,1014,14,0.51,1,,,,TRUE,FALSE,FALSE,FALSE
2012-08-01,41603,2012,8,1,Wednesday,3,18,78,1009,13,0,1,,,,TRUE,FALSE,FALSE,FALSE
2012-08-02,43183,2012,8,2,Thursday,3,19,70,1010,18,0,1,,,,TRUE,FALSE,FALSE,FALSE
2012-08-03,43045,2012,8,3,Friday,3,18,71,1012,16,0.76,1,,,,TRUE,FALSE,FALSE,FALSE
2012-08-04,39082,2012,8,4,Saturday,3,18,76,1010,14,1.02,1,,,,TRUE,FALSE,FALSE,FALSE
2012-08-05,30150,2012,8,5,Sunday,3,17,79,1007,10,2.03,1,1,,,TRUE,TRUE,FALSE,FALSE
2012-08-06,37198,2012,8,6,Monday,3,18,76,1009,13,1.02,1,,,,TRUE,FALSE,FALSE,FALSE
2012-08-07,38134,2012,8,7,Tuesday,3,16,77,1020,16,0,1,,,,TRUE,FALSE,FALSE,FALSE
2012-08-08,42263,2012,8,8,Wednesday,3,19,74,1023,10,0.25,1,,,,TRUE,FALSE,FALSE,FALSE
2012-08-09,46050,2012,8,9,Thursday,3,19,61,1026,5,0,,,,,FALSE,FALSE,FALSE,FALSE
2012-08-10,47102,2012,8,10,Friday,3,21,63,1026,5,0,,,,,FALSE,FALSE,FALSE,FALSE
2012-08-11,44111,2012,8,11,Saturday,3,19,63,1021,16,0,,,,,FALSE,FALSE,FALSE,FALSE
2012-08-12,41734,2012,8,12,Sunday,3,21,66,1012,14,0,,,,,FALSE,FALSE,FALSE,FALSE
2012-08-13,36101,2012,8,13,Monday,3,19,79,1011,11,2.03,1,,,,TRUE,FALSE,FALSE,FALSE
2012-08-14,41532,2012,8,14,Tuesday,3,21,71,1011,11,0,1,,,,TRUE,FALSE,FALSE,FALSE
2012-08-15,36557,2012,8,15,Wednesday,3,20,72,1006,18,0.76,1,,,,TRUE,FALSE,FALSE,FALSE
2012-08-16,38181,2012,8,16,Thursday,3,19,67,1014,18,0,1,,,,TRUE,FALSE,FALSE,FALSE
2012-08-17,40821,2012,8,17,Friday,3,23,58,1014,16,0,1,,,,TRUE,FALSE,FALSE,FALSE
2012-08-18,40577,2012,8,18,Saturday,3,24,59,1014,10,0,,,,,FALSE,FALSE,FALSE,FALSE
2012-08-19,35370,2012,8,19,Sunday,3,23,66,1015,10,0,,,1,,FALSE,FALSE,TRUE,FALSE
2012-08-20,37997,2012,8,20,Monday,3,21,70,1019,11,0,1,,,,TRUE,FALSE,FALSE,FALSE
2012-08-21,39185,2012,8,21,Tuesday,3,19,72,1017,8,0,1,,,,TRUE,FALSE,FALSE,FALSE
2012-08-22,39962,2012,8,22,Wednesday,3,18,67,1017,18,0,1,,,,TRUE,FALSE,FALSE,FALSE
2012-08-23,36578,2012,8,23,Thursday,3,17,66,1014,11,0,,,,,FALSE,FALSE,FALSE,FALSE
2012-08-24,33329,2012,8,24,Friday,3,17,75,1005,13,0.76,1,,,,TRUE,FALSE,FALSE,FALSE
2012-08-25,17802,2012,8,25,Saturday,3,19,85,1001,14,11.94,1,,1,,TRUE,FALSE,TRUE,FALSE
2012-08-26,31939,2012,8,26,Sunday,3,17,64,1015,19,0,,,,,FALSE,FALSE,FALSE,FALSE
2012-08-27,27522,2012,8,27,Monday,3,17,75,1014,14,0.51,1,,,,TRUE,FALSE,FALSE,FALSE
2012-08-28,37362,2012,8,28,Tuesday,3,19,72,1013,18,0,1,,,,TRUE,FALSE,FALSE,FALSE
2012-08-29,30916,2012,8,29,Wednesday,3,17,83,1012,14,4.06,1,,,,TRUE,FALSE,FALSE,FALSE
2012-08-30,30379,2012,8,30,Thursday,3,14,74,1016,14,0,1,,,,TRUE,FALSE,FALSE,FALSE
2012-08-31,37406,2012,8,31,Friday,3,12,56,1029,10,0,1,,,,TRUE,FALSE,FALSE,FALSE
2012-09-01,33123,2012,9,1,Saturday,3,18,67,1026,11,0,1,,,,TRUE,FALSE,FALSE,FALSE
2012-09-02,27997,2012,9,2,Sunday,3,16,86,1025,14,0,1,,,,TRUE,FALSE,FALSE,FALSE
2012-09-03,39941,2012,9,3,Monday,3,19,66,1026,6,0,,,,,FALSE,FALSE,FALSE,FALSE
2012-09-04,40298,2012,9,4,Tuesday,3,19,72,1024,8,0,,,,,FALSE,FALSE,FALSE,FALSE
2012-09-05,40606,2012,9,5,Wednesday,3,16,56,1027,10,0,,,,,FALSE,FALSE,FALSE,FALSE
2012-09-06,39864,2012,9,6,Thursday,3,14,61,1028,6,0,,,,,FALSE,FALSE,FALSE,FALSE
2012-09-07,41414,2012,9,7,Friday,3,18,59,1024,13,0,,,,,FALSE,FALSE,FALSE,FALSE
2012-09-08,40978,2012,9,8,Saturday,3,18,55,1020,6,0,,,,,FALSE,FALSE,FALSE,FALSE
2012-09-09,39006,2012,9,9,Sunday,3,19,63,1011,8,0,,,,,FALSE,FALSE,FALSE,FALSE
2012-09-10,35489,2012,9,10,Monday,3,19,75,1010,21,0,1,,,,TRUE,FALSE,FALSE,FALSE
2012-09-11,37276,2012,9,11,Tuesday,3,14,58,1012,21,0,1,,,,TRUE,FALSE,FALSE,FALSE
2012-09-12,35654,2012,9,12,Wednesday,3,13,70,1015,14,2.03,1,,,,TRUE,FALSE,FALSE,FALSE
2012-09-13,37938,2012,9,13,Thursday,3,13,63,1019,13,0,,,,,FALSE,FALSE,FALSE,FALSE
2012-09-14,36653,2012,9,14,Friday,3,16,64,1014,24,0,,,,,FALSE,FALSE,FALSE,FALSE
2012-09-15,36493,2012,9,15,Saturday,3,16,68,1017,11,0,,,,,FALSE,FALSE,FALSE,FALSE
2012-09-16,29785,2012,9,16,Sunday,3,16,72,1013,14,0,,,,,FALSE,FALSE,FALSE,FALSE
2012-09-17,35954,2012,9,17,Monday,3,16,68,1012,16,0,1,,,,TRUE,FALSE,FALSE,FALSE
2012-09-18,37026,2012,9,18,Tuesday,3,14,61,1014,18,0,1,,,,TRUE,FALSE,FALSE,FALSE
2012-09-19,36136,2012,9,19,Wednesday,3,12,62,1022,14,0,,,,,FALSE,FALSE,FALSE,FALSE
2012-09-20,35929,2012,9,20,Thursday,3,13,67,1021,11,0,,,,,FALSE,FALSE,FALSE,FALSE
2012-09-21,32347,2012,9,21,Friday,4,13,75,1015,10,0.25,1,,,,TRUE,FALSE,FALSE,FALSE
2012-09-22,33867,2012,9,22,Saturday,4,11,67,1019,10,0,1,,,,TRUE,FALSE,FALSE,FALSE
2012-09-23,8452,2012,9,23,Sunday,4,10,84,1009,13,12.95,1,,,,TRUE,FALSE,FALSE,FALSE
2012-09-24,21229,2012,9,24,Monday,4,13,86,989,18,7.87,1,,,,TRUE,FALSE,FALSE,FALSE
2012-09-25,33706,2012,9,25,Tuesday,4,13,75,988,19,0,1,,,,TRUE,FALSE,FALSE,FALSE
2012-09-26,27202,2012,9,26,Wednesday,4,12,85,992,13,2.03,1,,,,TRUE,FALSE,FALSE,FALSE
2012-09-27,32416,2012,9,27,Thursday,4,14,77,1007,10,0.51,1,,,,TRUE,FALSE,FALSE,FALSE
2012-09-28,31880,2012,9,28,Friday,4,13,82,1013,14,0.25,1,,,,TRUE,FALSE,FALSE,FALSE
2012-09-29,31223,2012,9,29,Saturday,4,12,70,1018,13,0,,,,,FALSE,FALSE,FALSE,FALSE
2012-09-30,25263,2012,9,30,Sunday,4,12,77,1019,14,0,,,,,FALSE,FALSE,FALSE,FALSE
2012-10-01,23627,2012,10,1,Monday,4,14,87,1012,19,3.05,1,,,,TRUE,FALSE,FALSE,FALSE
2012-10-02,30107,2012,10,2,Tuesday,4,14,84,1010,18,0.76,1,,,,TRUE,FALSE,FALSE,FALSE
2012-10-03,32695,2012,10,3,Wednesday,4,12,78,1005,19,4.06,1,,,,TRUE,FALSE,FALSE,FALSE
2012-10-04,35136,2012,10,4,Thursday,4,11,76,1008,13,2.03,1,,,,TRUE,FALSE,FALSE,FALSE
2012-10-05,23773,2012,10,5,Friday,4,12,85,1007,16,4.06,1,,,,TRUE,FALSE,FALSE,FALSE
2012-10-06,30424,2012,10,6,Saturday,4,11,77,1013,8,0.25,1,,,,TRUE,FALSE,FALSE,FALSE
2012-10-07,27168,2012,10,7,Sunday,4,9,86,1021,5,0,,1,,,FALSE,TRUE,FALSE,FALSE
2012-10-08,22984,2012,10,8,Monday,4,10,92,1014,10,3.05,1,,,,TRUE,FALSE,FALSE,FALSE
2012-10-09,32965,2012,10,9,Tuesday,4,11,80,1016,10,0,,,,,FALSE,FALSE,FALSE,FALSE
2012-10-10,35221,2012,10,10,Wednesday,4,11,69,1015,10,0,,,,,FALSE,FALSE,FALSE,FALSE
2012-10-11,25324,2012,10,11,Thursday,4,12,89,1004,13,6.1,1,,,,TRUE,FALSE,FALSE,FALSE
2012-10-12,31694,2012,10,12,Friday,4,11,73,1005,24,0,1,,,,TRUE,FALSE,FALSE,FALSE
2012-10-13,26289,2012,10,13,Saturday,4,9,84,1005,10,0.76,1,,,,TRUE,FALSE,FALSE,FALSE
2012-10-14,25440,2012,10,14,Sunday,4,7,76,1002,8,0,,1,,,FALSE,TRUE,FALSE,FALSE
2012-10-15,30558,2012,10,15,Monday,4,8,83,1002,11,0.25,1,,,,TRUE,FALSE,FALSE,FALSE
2012-10-16,33253,2012,10,16,Tuesday,4,12,71,1001,24,0,1,,,,TRUE,FALSE,FALSE,FALSE
2012-10-17,30285,2012,10,17,Wednesday,4,12,79,998,19,0.76,1,,1,,TRUE,FALSE,TRUE,FALSE
2012-10-18,32566,2012,10,18,Thursday,4,14,82,1002,18,0,1,,,,TRUE,FALSE,FALSE,FALSE
2012-10-19,21001,2012,10,19,Friday,4,12,94,1007,6,7.11,1,,,,TRUE,FALSE,FALSE,FALSE
2012-10-20,25411,2012,10,20,Saturday,4,11,90,1016,8,5.08,1,1,,,TRUE,TRUE,FALSE,FALSE
2012-10-21,15563,2012,10,21,Sunday,4,11,92,1018,10,0.51,1,,,,TRUE,FALSE,FALSE,FALSE
2012-10-22,27294,2012,10,22,Monday,4,13,96,1020,10,0,1,1,,,TRUE,TRUE,FALSE,FALSE
2012-10-23,31996,2012,10,23,Tuesday,4,13,96,1024,8,0.25,1,,,,TRUE,FALSE,FALSE,FALSE
2012-10-24,33882,2012,10,24,Wednesday,4,14,90,1019,11,0,,,,,FALSE,FALSE,FALSE,FALSE
2012-10-25,29515,2012,10,25,Thursday,4,12,89,1016,18,0,1,,,,TRUE,FALSE,FALSE,FALSE
2012-10-26,26404,2012,10,26,Friday,4,7,75,1013,18,0.51,1,,,,TRUE,FALSE,FALSE,FALSE
2012-10-27,17144,2012,10,27,Saturday,4,6,73,1016,18,0.25,1,,,,TRUE,FALSE,FALSE,FALSE
2012-10-28,15305,2012,10,28,Sunday,4,4,87,1015,11,3.05,1,,,,TRUE,FALSE,FALSE,FALSE
2012-10-29,24276,2012,10,29,Monday,4,10,86,1008,13,0.51,1,,,,TRUE,FALSE,FALSE,FALSE
2012-10-30,30325,2012,10,30,Tuesday,4,8,82,1004,11,0,,,,,FALSE,FALSE,FALSE,FALSE
2012-10-31,29241,2012,10,31,Wednesday,4,9,79,989,18,0.25,1,,,,TRUE,FALSE,FALSE,FALSE
2012-11-01,26888,2012,11,1,Thursday,4,7,83,980,18,0.76,1,,,,TRUE,FALSE,FALSE,FALSE
2012-11-02,28748,2012,11,2,Friday,4,8,76,991,21,0,1,,,,TRUE,FALSE,FALSE,FALSE
2012-11-03,21498,2012,11,3,Saturday,4,6,78,996,13,0,,1,,,FALSE,TRUE,FALSE,FALSE
2012-11-04,11693,2012,11,4,Sunday,4,5,91,994,10,13.97,1,,,,TRUE,FALSE,FALSE,FALSE
2012-11-05,27666,2012,11,5,Monday,4,5,83,1007,6,0,,1,,,FALSE,TRUE,FALSE,FALSE
2012-11-06,27038,2012,11,6,Tuesday,4,5,84,1021,13,0.25,1,,,,TRUE,FALSE,FALSE,FALSE
2012-11-07,29537,2012,11,7,Wednesday,4,8,83,1024,14,0.25,,,,,FALSE,FALSE,FALSE,FALSE
2012-11-08,29895,2012,11,8,Thursday,4,10,77,1019,16,0,,,,,FALSE,FALSE,FALSE,FALSE
2012-11-09,29349,2012,11,9,Friday,4,9,79,1009,11,0,1,,,,TRUE,FALSE,FALSE,FALSE
2012-11-10,18018,2012,11,10,Saturday,4,7,89,998,13,2.03,1,,,,TRUE,FALSE,FALSE,FALSE
2012-11-11,20971,2012,11,11,Sunday,4,6,84,1013,6,0.25,,1,,,FALSE,TRUE,FALSE,FALSE
2012-11-12,23680,2012,11,12,Monday,4,8,93,1021,10,1.02,1,,,,TRUE,FALSE,FALSE,FALSE
2012-11-13,30511,2012,11,13,Tuesday,4,12,89,1026,13,0.25,,,,,FALSE,FALSE,FALSE,FALSE
2012-11-14,31453,2012,11,14,Wednesday,4,10,84,1026,8,0,,,,,FALSE,FALSE,FALSE,FALSE
2012-11-15,30165,2012,11,15,Thursday,4,8,89,1022,5,0,,1,,,FALSE,TRUE,FALSE,FALSE
2012-11-16,28143,2012,11,16,Friday,4,8,92,1014,6,0,1,,,,TRUE,FALSE,FALSE,FALSE
2012-11-17,20325,2012,11,17,Saturday,4,9,85,1008,10,0,1,,,,TRUE,FALSE,FALSE,FALSE
2012-11-18,21664,2012,11,18,Sunday,4,5,82,1015,6,0.25,,,,,FALSE,FALSE,FALSE,FALSE
2012-11-19,28127,2012,11,19,Monday,4,6,82,1010,13,0,1,,,,TRUE,FALSE,FALSE,FALSE
2012-11-20,25921,2012,11,20,Tuesday,4,12,91,1008,21,0.76,1,,,,TRUE,FALSE,FALSE,FALSE
2012-11-21,20554,2012,11,21,Wednesday,4,8,90,1008,16,5.08,1,,,,TRUE,FALSE,FALSE,FALSE
2012-11-22,27783,2012,11,22,Thursday,4,10,80,1010,24,7.87,1,,,,TRUE,FALSE,FALSE,FALSE
2012-11-23,27973,2012,11,23,Friday,4,8,86,1012,14,0,1,,,,TRUE,FALSE,FALSE,FALSE
2012-11-24,8902,2012,11,24,Saturday,4,6,95,1009,10,7.87,1,1,,,TRUE,TRUE,FALSE,FALSE
2012-11-25,16894,2012,11,25,Sunday,4,9,79,1002,31,0.51,1,,,,TRUE,FALSE,FALSE,FALSE
2012-11-26,20656,2012,11,26,Monday,4,8,90,998,13,4.06,1,,,,TRUE,FALSE,FALSE,FALSE
2012-11-27,20388,2012,11,27,Tuesday,4,7,88,1004,13,2.03,1,,,,TRUE,FALSE,FALSE,FALSE
2012-11-28,21403,2012,11,28,Wednesday,4,5,81,1013,14,0,1,,,,TRUE,FALSE,FALSE,FALSE
2012-11-29,26212,2012,11,29,Thursday,4,3,81,1012,10,0,,,,,FALSE,FALSE,FALSE,FALSE
2012-11-30,24838,2012,11,30,Friday,4,2,87,1012,6,0,,1,,,FALSE,TRUE,FALSE,FALSE
2012-12-01,16068,2012,12,1,Saturday,4,2,88,1015,10,0.25,1,1,,,TRUE,TRUE,FALSE,FALSE
2012-12-02,15227,2012,12,2,Sunday,4,1,83,1016,10,0.25,1,,,,TRUE,FALSE,FALSE,FALSE
2012-12-03,23592,2012,12,3,Monday,4,7,85,1007,14,0.51,1,,,,TRUE,FALSE,FALSE,FALSE
2012-12-04,26144,2012,12,4,Tuesday,4,4,82,1003,16,0,,,,,FALSE,FALSE,FALSE,FALSE
2012-12-05,23111,2012,12,5,Wednesday,4,1,82,1009,8,1.02,1,,,1,TRUE,FALSE,FALSE,TRUE
2012-12-06,22645,2012,12,6,Thursday,4,1,84,1012,11,1.02,1,,,,TRUE,FALSE,FALSE,FALSE
2012-12-07,20140,2012,12,7,Friday,4,4,77,1003,23,1.02,1,,,1,TRUE,FALSE,FALSE,TRUE
2012-12-08,17805,2012,12,8,Saturday,4,4,80,1024,11,0,,,,,FALSE,FALSE,FALSE,FALSE
2012-12-09,14147,2012,12,9,Sunday,4,7,77,1019,19,0,1,,,,TRUE,FALSE,FALSE,FALSE
2012-12-10,23937,2012,12,10,Monday,4,3,77,1023,13,0,,,,,FALSE,FALSE,FALSE,FALSE
2012-12-11,23531,2012,12,11,Tuesday,4,0,91,1029,8,0.25,,1,,,FALSE,TRUE,FALSE,FALSE
2012-12-12,22344,2012,12,12,Wednesday,4,-2,95,1020,5,0,,1,,,FALSE,TRUE,FALSE,FALSE
2012-12-13,21704,2012,12,13,Thursday,4,-1,87,1005,10,0.25,,,,,FALSE,FALSE,FALSE,FALSE
2012-12-14,17085,2012,12,14,Friday,4,6,89,984,19,7.11,1,,,,TRUE,FALSE,FALSE,FALSE
2012-12-15,16962,2012,12,15,Saturday,4,9,82,992,18,0,1,,,,TRUE,FALSE,FALSE,FALSE
2012-12-16,14128,2012,12,16,Sunday,4,8,87,999,11,0.51,1,,,,TRUE,FALSE,FALSE,FALSE
2012-12-17,22899,2012,12,17,Monday,4,7,83,1001,14,0,1,,,,TRUE,FALSE,FALSE,FALSE
2012-12-18,23651,2012,12,18,Tuesday,4,6,84,1015,10,0,,,,,FALSE,FALSE,FALSE,FALSE
2012-12-19,16828,2012,12,19,Wednesday,4,4,90,1016,13,4.06,1,,,,TRUE,FALSE,FALSE,FALSE
2012-12-20,12401,2012,12,20,Thursday,4,8,93,1002,18,7.11,1,,,,TRUE,FALSE,FALSE,FALSE
2012-12-21,20395,2012,12,21,Friday,4,8,90,1010,13,0,,,,,FALSE,FALSE,FALSE,FALSE
2012-12-22,5644,2012,12,22,Saturday,1,9,93,1004,16,11.94,1,,,,TRUE,FALSE,FALSE,FALSE
2012-12-23,9184,2012,12,23,Sunday,1,11,83,1004,23,0,1,,,,TRUE,FALSE,FALSE,FALSE
2012-12-24,7985,2012,12,24,Monday,1,10,90,998,16,2.03,1,,,,TRUE,FALSE,FALSE,FALSE
2012-12-25,16816,2012,12,25,Tuesday,1,7,86,996,18,6.1,1,,,,TRUE,FALSE,FALSE,FALSE
2012-12-26,10405,2012,12,26,Wednesday,1,7,85,1004,16,2.03,1,,,,TRUE,FALSE,FALSE,FALSE
2012-12-27,9013,2012,12,27,Thursday,1,7,82,1006,19,3.05,1,,,,TRUE,FALSE,FALSE,FALSE
2012-12-28,10947,2012,12,28,Friday,1,9,88,1016,16,2.03,1,,,,TRUE,FALSE,FALSE,FALSE
2012-12-29,8498,2012,12,29,Saturday,1,9,83,1004,27,1.02,1,,,,TRUE,FALSE,FALSE,FALSE
2012-12-30,11343,2012,12,30,Sunday,1,8,74,1010,27,0,1,,,,TRUE,FALSE,FALSE,FALSE
2012-12-31,8865,2012,12,31,Monday,1,10,85,1003,29,5.08,1,,,,TRUE,FALSE,FALSE,FALSE
2013-01-01,12149,2013,1,1,Tuesday,1,6,80,1008,18,0,1,,,,TRUE,FALSE,FALSE,FALSE
2013-01-02,16203,2013,1,2,Wednesday,1,7,89,1023,13,0.25,1,,,,TRUE,FALSE,FALSE,FALSE
2013-01-03,21269,2013,1,3,Thursday,1,10,89,1033,18,0,,,,,FALSE,FALSE,FALSE,FALSE
2013-01-04,22435,2013,1,4,Friday,1,9,84,1037,18,0,,,,,FALSE,FALSE,FALSE,FALSE
2013-01-05,16242,2013,1,5,Saturday,1,9,90,1035,14,0,1,,,,TRUE,FALSE,FALSE,FALSE
2013-01-06,13622,2013,1,6,Sunday,1,7,95,1032,10,0,,1,,,FALSE,TRUE,FALSE,FALSE
2013-01-07,23348,2013,1,7,Monday,1,8,90,1026,14,0,1,,,,TRUE,FALSE,FALSE,FALSE
2013-01-08,25909,2013,1,8,Tuesday,1,9,86,1024,13,1.02,1,,,,TRUE,FALSE,FALSE,FALSE
2013-01-09,25341,2013,1,9,Wednesday,1,4,86,1021,6,0.25,1,,,,TRUE,FALSE,FALSE,FALSE
2013-01-10,24363,2013,1,10,Thursday,1,2,90,1016,5,0,,1,,,FALSE,TRUE,FALSE,FALSE
2013-01-11,23869,2013,1,11,Friday,1,3,89,1017,6,0,,,,,FALSE,FALSE,FALSE,FALSE
2013-01-12,13562,2013,1,12,Saturday,1,3,80,1012,16,1.02,1,,,,TRUE,FALSE,FALSE,FALSE
2013-01-13,12260,2013,1,13,Sunday,1,2,75,1019,11,0,,,,,FALSE,FALSE,FALSE,FALSE
2013-01-14,17427,2013,1,14,Monday,1,2,88,1011,10,4.06,1,,,1,TRUE,FALSE,FALSE,TRUE
2013-01-15,22797,2013,1,15,Tuesday,1,0,82,1009,13,0,,,,,FALSE,FALSE,FALSE,FALSE
2013-01-16,22460,2013,1,16,Wednesday,1,-2,91,1013,6,0,,1,,,FALSE,TRUE,FALSE,FALSE
2013-01-17,22210,2013,1,17,Thursday,1,-1,83,1017,5,0.25,,,,,FALSE,FALSE,FALSE,FALSE
2013-01-18,13108,2013,1,18,Friday,1,-1,85,1003,19,0,,,,1,FALSE,FALSE,FALSE,TRUE
2013-01-19,7843,2013,1,19,Saturday,1,0,84,997,14,0.76,1,,,1,TRUE,FALSE,FALSE,TRUE
2013-01-20,3728,2013,1,20,Sunday,1,-1,91,995,11,0.51,1,,,1,TRUE,FALSE,FALSE,TRUE
2013-01-21,13467,2013,1,21,Monday,1,-1,90,994,8,3.05,,,,,FALSE,FALSE,FALSE,FALSE
2013-01-22,18061,2013,1,22,Tuesday,1,-1,87,1001,11,1.02,1,1,,1,TRUE,TRUE,FALSE,TRUE
2013-01-23,19404,2013,1,23,Wednesday,1,1,82,1008,14,0.51,1,,,1,TRUE,FALSE,FALSE,TRUE
2013-01-24,20721,2013,1,24,Thursday,1,1,76,1016,11,0,,,,1,FALSE,FALSE,FALSE,TRUE
2013-01-25,20178,2013,1,25,Friday,1,1,79,1013,11,0.76,1,,,1,TRUE,FALSE,FALSE,TRUE
2013-01-26,14595,2013,1,26,Saturday,1,4,84,1006,18,0.25,1,,,,TRUE,FALSE,FALSE,FALSE
2013-01-27,13689,2013,1,27,Sunday,1,7,75,998,29,2.03,1,,,,TRUE,FALSE,FALSE,FALSE
2013-01-28,18689,2013,1,28,Monday,1,6,82,1005,19,0.51,1,,,,TRUE,FALSE,FALSE,FALSE
2013-01-29,21268,2013,1,29,Tuesday,1,11,88,1003,26,0.25,1,,,,TRUE,FALSE,FALSE,FALSE
2013-01-30,23415,2013,1,30,Wednesday,1,9,74,1007,31,0.51,1,,,,TRUE,FALSE,FALSE,FALSE
2013-01-31,21957,2013,1,31,Thursday,1,8,72,1012,27,2.03,1,,,,TRUE,FALSE,FALSE,FALSE
2013-02-01,18081,2013,2,1,Friday,1,6,83,1002,16,4.06,1,,,,TRUE,FALSE,FALSE,FALSE
2013-02-02,15757,2013,2,2,Saturday,1,2,68,1016,14,0,1,,,,TRUE,FALSE,FALSE,FALSE
2013-02-03,13572,2013,2,3,Sunday,1,4,81,1018,14,0,,,,,FALSE,FALSE,FALSE,FALSE
2013-02-04,23017,2013,2,4,Monday,1,8,70,1012,26,0,1,,,,TRUE,FALSE,FALSE,FALSE
2013-02-05,21177,2013,2,5,Tuesday,1,4,71,1000,31,0.51,1,,,,TRUE,FALSE,FALSE,FALSE
2013-02-06,20664,2013,2,6,Wednesday,1,3,72,1008,18,0.25,1,,,,TRUE,FALSE,FALSE,FALSE
2013-02-07,20852,2013,2,7,Thursday,1,3,74,1018,13,0.25,1,,,,TRUE,FALSE,FALSE,FALSE
2013-02-08,20571,2013,2,8,Friday,1,3,78,1020,10,0.25,1,,,,TRUE,FALSE,FALSE,FALSE
2013-02-09,11274,2013,2,9,Saturday,1,2,88,1018,8,0.25,1,,,,TRUE,FALSE,FALSE,FALSE
2013-02-10,4901,2013,2,10,Sunday,1,3,93,998,14,10.92,1,,,1,TRUE,FALSE,FALSE,TRUE
2013-02-11,13468,2013,2,11,Monday,1,1,93,1000,13,5.08,1,,,1,TRUE,FALSE,FALSE,TRUE
2013-02-12,20342,2013,2,12,Tuesday,1,1,78,1015,11,0,,,,1,FALSE,FALSE,FALSE,TRUE
2013-02-13,21051,2013,2,13,Wednesday,1,2,76,1021,13,0,1,,,1,TRUE,FALSE,FALSE,TRUE
2013-02-14,21034,2013,2,14,Thursday,1,8,80,1011,21,1.02,1,,,,TRUE,FALSE,FALSE,FALSE
2013-02-15,22952,2013,2,15,Friday,1,6,76,1020,11,0,,,,,FALSE,FALSE,FALSE,FALSE
2013-02-16,19072,2013,2,16,Saturday,1,7,73,1023,6,0,,,,,FALSE,FALSE,FALSE,FALSE
2013-02-17,19044,2013,2,17,Sunday,1,5,83,1021,10,0.25,,1,,,FALSE,TRUE,FALSE,FALSE
2013-02-18,22724,2013,2,18,Monday,1,4,82,1020,11,0.25,,,,,FALSE,FALSE,FALSE,FALSE
2013-02-19,24525,2013,2,19,Tuesday,1,5,75,1019,5,0,,,,,FALSE,FALSE,FALSE,FALSE
2013-02-20,20938,2013,2,20,Wednesday,1,3,78,1023,14,0.51,,1,,,FALSE,TRUE,FALSE,FALSE
2013-02-21,19757,2013,2,21,Thursday,1,1,58,1024,21,0,,,,,FALSE,FALSE,FALSE,FALSE
2013-02-22,18313,2013,2,22,Friday,1,1,60,1020,18,0,,,,1,FALSE,FALSE,FALSE,TRUE
2013-02-23,11234,2013,2,23,Saturday,1,1,69,1021,13,0,1,,,1,TRUE,FALSE,FALSE,TRUE
2013-02-24,9404,2013,2,24,Sunday,1,1,71,1024,11,0,,,,,FALSE,FALSE,FALSE,FALSE
2013-02-25,19800,2013,2,25,Monday,1,2,82,1027,14,0,1,,,1,TRUE,FALSE,FALSE,TRUE
2013-02-26,19595,2013,2,26,Tuesday,1,4,90,1032,14,0.25,1,,,,TRUE,FALSE,FALSE,FALSE
2013-02-27,21484,2013,2,27,Wednesday,1,3,82,1034,13,0,,,,,FALSE,FALSE,FALSE,FALSE
2013-02-28,21985,2013,2,28,Thursday,1,4,77,1029,13,0,,,,,FALSE,FALSE,FALSE,FALSE
2013-03-01,19487,2013,3,1,Friday,1,4,76,1029,11,0.25,1,,,,TRUE,FALSE,FALSE,FALSE
2013-03-02,15265,2013,3,2,Saturday,1,2,71,1027,10,0,,,,,FALSE,FALSE,FALSE,FALSE
2013-03-03,14520,2013,3,3,Sunday,1,3,79,1023,8,0,,,,,FALSE,FALSE,FALSE,FALSE
2013-03-04,23036,2013,3,4,Monday,1,5,77,1013,14,0,,,,,FALSE,FALSE,FALSE,FALSE
2013-03-05,27054,2013,3,5,Tuesday,1,8,72,1004,6,0,,,,,FALSE,FALSE,FALSE,FALSE
2013-03-06,24324,2013,3,6,Wednesday,1,10,72,1000,8,0.25,1,,,,TRUE,FALSE,FALSE,FALSE
2013-03-07,17322,2013,3,7,Thursday,1,8,92,996,10,3.05,1,,,,TRUE,FALSE,FALSE,FALSE
2013-03-08,13843,2013,3,8,Friday,1,9,95,998,10,5.08,1,,,,TRUE,FALSE,FALSE,FALSE
2013-03-09,14244,2013,3,9,Saturday,1,6,88,1003,8,0.25,1,,,,TRUE,FALSE,FALSE,FALSE
2013-03-10,10163,2013,3,10,Sunday,1,2,78,1006,16,0,,,,1,FALSE,FALSE,FALSE,TRUE
2013-03-11,16546,2013,3,11,Monday,1,-1,65,1007,26,0,,,,1,FALSE,FALSE,FALSE,TRUE
2013-03-12,18794,2013,3,12,Tuesday,1,1,60,1009,23,0,,,,1,FALSE,FALSE,FALSE,TRUE
2013-03-13,20245,2013,3,13,Wednesday,1,3,66,1011,11,0,1,,,1,TRUE,FALSE,FALSE,TRUE
2013-03-14,21984,2013,3,14,Thursday,1,3,63,1015,8,0,,,,,FALSE,FALSE,FALSE,FALSE
2013-03-15,17159,2013,3,15,Friday,1,6,81,1007,18,2.03,1,,,,TRUE,FALSE,FALSE,FALSE
2013-03-16,9190,2013,3,16,Saturday,1,7,84,995,27,5.08,1,,1,,TRUE,FALSE,TRUE,FALSE
2013-03-17,7940,2013,3,17,Sunday,1,4,88,990,13,6.1,1,,,,TRUE,FALSE,FALSE,FALSE
2013-03-18,15852,2013,3,18,Monday,1,3,91,991,5,1.02,1,1,1,,TRUE,TRUE,TRUE,FALSE
2013-03-19,22479,2013,3,19,Tuesday,1,6,82,998,8,0,,,,,FALSE,FALSE,FALSE,FALSE
2013-03-20,22216,2013,3,20,Wednesday,1,4,84,1007,10,0.25,,,,,FALSE,FALSE,FALSE,FALSE
2013-03-21,22061,2013,3,21,Thursday,2,3,76,1015,16,1.02,1,,,,TRUE,FALSE,FALSE,FALSE
2013-03-22,16233,2013,3,22,Friday,2,3,81,1009,27,0.51,1,,,,TRUE,FALSE,FALSE,FALSE
2013-03-23,5249,2013,3,23,Saturday,2,1,91,1010,23,3.05,1,,,1,TRUE,FALSE,FALSE,TRUE
2013-03-24,6786,2013,3,24,Sunday,2,1,77,1013,19,0.25,1,,,1,TRUE,FALSE,FALSE,TRUE
2013-03-25,17290,2013,3,25,Monday,2,1,64,1014,19,0,,,,1,FALSE,FALSE,FALSE,TRUE
2013-03-26,18384,2013,3,26,Tuesday,2,1,63,1013,16,0,,,,,FALSE,FALSE,FALSE,FALSE
2013-03-27,19184,2013,3,27,Wednesday,2,2,62,1011,13,0,,,,,FALSE,FALSE,FALSE,FALSE
2013-03-28,18052,2013,3,28,Thursday,2,1,64,1012,11,0,,,,,FALSE,FALSE,FALSE,FALSE
2013-03-29,10909,2013,3,29,Friday,2,2,59,1011,11,0,,,,,FALSE,FALSE,FALSE,FALSE
2013-03-30,9793,2013,3,30,Saturday,2,3,65,1012,11,0,1,,,,TRUE,FALSE,FALSE,FALSE
2013-03-31,9007,2013,3,31,Sunday,2,1,65,1014,10,0,,,,,FALSE,FALSE,FALSE,FALSE
2013-04-01,9421,2013,4,1,Monday,2,3,62,1011,18,0,1,,,1,TRUE,FALSE,FALSE,TRUE
2013-04-02,19148,2013,4,2,Tuesday,2,4,53,1015,16,0,,,,,FALSE,FALSE,FALSE,FALSE
2013-04-03,17801,2013,4,3,Wednesday,2,2,61,1017,16,0,,,,,FALSE,FALSE,FALSE,FALSE
2013-04-04,15626,2013,4,4,Thursday,2,2,71,1014,18,0.51,1,,,1,TRUE,FALSE,FALSE,TRUE
2013-04-05,18059,2013,4,5,Friday,2,4,59,1015,18,0,,,,,FALSE,FALSE,FALSE,FALSE
2013-04-06,18216,2013,4,6,Saturday,2,6,60,1023,11,0,,,,,FALSE,FALSE,FALSE,FALSE
2013-04-07,18090,2013,4,7,Sunday,2,4,58,1020,8,0,,,,,FALSE,FALSE,FALSE,FALSE
2013-04-08,21797,2013,4,8,Monday,2,8,59,1005,21,0,,,,,FALSE,FALSE,FALSE,FALSE
2013-04-09,17555,2013,4,9,Tuesday,2,7,82,997,14,3.05,1,,,,TRUE,FALSE,FALSE,FALSE
2013-04-10,22233,2013,4,10,Wednesday,2,7,79,1003,10,6.1,1,,,,TRUE,FALSE,FALSE,FALSE
2013-04-11,19240,2013,4,11,Thursday,2,9,85,997,14,0.51,1,,,,TRUE,FALSE,FALSE,FALSE
2013-04-12,15100,2013,4,12,Friday,2,9,86,998,14,3.05,1,,,,TRUE,FALSE,FALSE,FALSE
2013-04-13,11291,2013,4,13,Saturday,2,8,86,1011,14,3.05,1,,,,TRUE,FALSE,FALSE,FALSE
2013-04-14,25074,2013,4,14,Sunday,2,15,70,1013,21,0,1,,,,TRUE,FALSE,FALSE,FALSE
2013-04-15,24923,2013,4,15,Monday,2,12,72,1017,19,0,1,,,,TRUE,FALSE,FALSE,FALSE
2013-04-16,26060,2013,4,16,Tuesday,2,13,67,1015,21,0,1,,,,TRUE,FALSE,FALSE,FALSE
2013-04-17,25730,2013,4,17,Wednesday,2,13,76,1014,19,0,1,,,,TRUE,FALSE,FALSE,FALSE
2013-04-18,23979,2013,4,18,Thursday,2,11,61,1013,34,2.03,1,,1,,TRUE,FALSE,TRUE,FALSE
2013-04-19,24297,2013,4,19,Friday,2,9,65,1026,18,0,1,,,,TRUE,FALSE,FALSE,FALSE
2013-04-20,26724,2013,4,20,Saturday,2,8,61,1032,10,0,,,,,FALSE,FALSE,FALSE,FALSE
2013-04-21,22466,2013,4,21,Sunday,2,8,63,1022,10,0,,,,,FALSE,FALSE,FALSE,FALSE
2013-04-22,25384,2013,4,22,Monday,2,11,74,1016,14,0,,,,,FALSE,FALSE,FALSE,FALSE
2013-04-23,31359,2013,4,23,Tuesday,2,14,69,1020,16,0,,,,,FALSE,FALSE,FALSE,FALSE
2013-04-24,30193,2013,4,24,Wednesday,2,14,74,1024,13,0.25,1,,,,TRUE,FALSE,FALSE,FALSE
2013-04-25,32000,2013,4,25,Thursday,2,16,72,1021,13,0,1,,,,TRUE,FALSE,FALSE,FALSE
2013-04-26,23125,2013,4,26,Friday,2,9,63,1015,13,1.02,1,,,,TRUE,FALSE,FALSE,FALSE
2013-04-27,17337,2013,4,27,Saturday,2,7,72,1015,11,2.03,1,,,,TRUE,FALSE,FALSE,FALSE
2013-04-28,19139,2013,4,28,Sunday,2,6,64,1017,11,0,1,,,,TRUE,FALSE,FALSE,FALSE
2013-04-29,27644,2013,4,29,Monday,2,11,59,1016,21,0,1,,,,TRUE,FALSE,FALSE,FALSE
2013-04-30,29219,2013,4,30,Tuesday,2,9,61,1024,11,0,,,,,FALSE,FALSE,FALSE,FALSE
2013-05-01,31175,2013,5,1,Wednesday,2,10,61,1024,10,0,,,,,FALSE,FALSE,FALSE,FALSE
2013-05-02,31239,2013,5,2,Thursday,2,11,41,1023,10,0,,,,,FALSE,FALSE,FALSE,FALSE
2013-05-03,31340,2013,5,3,Friday,2,12,55,1020,8,0,,,,,FALSE,FALSE,FALSE,FALSE
2013-05-04,19156,2013,5,4,Saturday,2,12,63,1017,21,1.02,1,,,,TRUE,FALSE,FALSE,FALSE
2013-05-05,24342,2013,5,5,Sunday,2,12,68,1022,13,0,,,,,FALSE,FALSE,FALSE,FALSE
2013-05-06,29015,2013,5,6,Monday,2,16,58,1020,8,0,,,,,FALSE,FALSE,FALSE,FALSE
2013-05-07,30707,2013,5,7,Tuesday,2,16,55,1016,8,0,,,,,FALSE,FALSE,FALSE,FALSE
2013-05-08,26032,2013,5,8,Wednesday,2,14,73,1007,14,0.51,1,,,,TRUE,FALSE,FALSE,FALSE
2013-05-09,24250,2013,5,9,Thursday,2,10,71,1008,21,0.25,1,,,,TRUE,FALSE,FALSE,FALSE
2013-05-10,26399,2013,5,10,Friday,2,13,71,1010,24,0.25,1,,,,TRUE,FALSE,FALSE,FALSE
2013-05-11,16627,2013,5,11,Saturday,2,10,74,1011,18,0.25,1,,,,TRUE,FALSE,FALSE,FALSE
2013-05-12,15918,2013,5,12,Sunday,2,10,77,1014,19,0.25,1,,,,TRUE,FALSE,FALSE,FALSE
2013-05-13,24836,2013,5,13,Monday,2,12,65,1012,23,0,1,,,,TRUE,FALSE,FALSE,FALSE
2013-05-14,18054,2013,5,14,Tuesday,2,9,78,1003,18,5.08,1,,,,TRUE,FALSE,FALSE,FALSE
2013-05-15,24015,2013,5,15,Wednesday,2,10,69,994,27,0.25,1,,,,TRUE,FALSE,FALSE,FALSE
2013-05-16,26070,2013,5,16,Thursday,2,10,68,1000,6,0.25,1,1,1,,TRUE,TRUE,TRUE,FALSE
2013-05-17,24932,2013,5,17,Friday,2,9,76,1006,8,0,1,,,,TRUE,FALSE,FALSE,FALSE
2013-05-18,22272,2013,5,18,Saturday,2,12,67,1008,10,0,,,,,FALSE,FALSE,FALSE,FALSE
2013-05-19,23994,2013,5,19,Sunday,2,13,65,1011,8,0,,,,,FALSE,FALSE,FALSE,FALSE
2013-05-20,25914,2013,5,20,Monday,2,14,78,1012,11,0,1,,,,TRUE,FALSE,FALSE,FALSE
2013-05-21,27649,2013,5,21,Tuesday,2,13,68,1016,13,0.25,1,,,,TRUE,FALSE,FALSE,FALSE
2013-05-22,26967,2013,5,22,Wednesday,2,12,62,1019,11,0,,,,,FALSE,FALSE,FALSE,FALSE
2013-05-23,24701,2013,5,23,Thursday,2,9,61,1014,16,0,1,,,,TRUE,FALSE,FALSE,FALSE
2013-05-24,12891,2013,5,24,Friday,2,7,82,1009,18,4.06,1,,,,TRUE,FALSE,FALSE,FALSE
2013-05-25,21087,2013,5,25,Saturday,2,11,64,1021,11,0,,,,,FALSE,FALSE,FALSE,FALSE
2013-05-26,27251,2013,5,26,Sunday,2,12,56,1018,11,0,,,,,FALSE,FALSE,FALSE,FALSE
2013-05-27,25819,2013,5,27,Monday,2,12,58,1009,16,0,,,,,FALSE,FALSE,FALSE,FALSE
2013-05-28,14556,2013,5,28,Tuesday,2,11,87,1000,10,13.97,1,,,,TRUE,FALSE,FALSE,FALSE
2013-05-29,21440,2013,5,29,Wednesday,2,10,90,1005,10,0.51,1,,,,TRUE,FALSE,FALSE,FALSE
2013-05-30,22150,2013,5,30,Thursday,2,13,85,1011,11,0.51,1,,,,TRUE,FALSE,FALSE,FALSE
2013-05-31,29136,2013,5,31,Friday,2,17,68,1018,10,0,,,,,FALSE,FALSE,FALSE,FALSE
2013-06-01,24782,2013,6,1,Saturday,2,14,59,1023,13,0,,,,,FALSE,FALSE,FALSE,FALSE
2013-06-02,27202,2013,6,2,Sunday,2,13,54,1029,8,0,,,,,FALSE,FALSE,FALSE,FALSE
2013-06-03,29940,2013,6,3,Monday,2,13,62,1031,10,0,,,,,FALSE,FALSE,FALSE,FALSE
2013-06-04,32397,2013,6,4,Tuesday,2,14,57,1027,13,0,,,,,FALSE,FALSE,FALSE,FALSE
2013-06-05,32488,2013,6,5,Wednesday,2,14,69,1021,13,0,,,,,FALSE,FALSE,FALSE,FALSE
2013-06-06,32829,2013,6,6,Thursday,2,16,66,1021,14,0,,,,,FALSE,FALSE,FALSE,FALSE
2013-06-07,28762,2013,6,7,Friday,2,15,65,1023,14,0.51,1,,,,TRUE,FALSE,FALSE,FALSE
2013-06-08,27264,2013,6,8,Saturday,2,13,68,1021,16,0,,,,,FALSE,FALSE,FALSE,FALSE
2013-06-09,19429,2013,6,9,Sunday,2,12,70,1016,14,0,,,,,FALSE,FALSE,FALSE,FALSE
2013-06-10,27336,2013,6,10,Monday,2,13,66,1015,10,0,,,,,FALSE,FALSE,FALSE,FALSE
2013-06-11,26601,2013,6,11,Tuesday,2,13,81,1013,13,0,1,,,,TRUE,FALSE,FALSE,FALSE
2013-06-12,24401,2013,6,12,Wednesday,2,16,85,1011,19,0.76,1,,,,TRUE,FALSE,FALSE,FALSE
2013-06-13,26388,2013,6,13,Thursday,2,16,73,1011,27,0,1,,,,TRUE,FALSE,FALSE,FALSE
2013-06-14,28797,2013,6,14,Friday,2,14,67,1016,18,0,1,,,,TRUE,FALSE,FALSE,FALSE
2013-06-15,16020,2013,6,15,Saturday,2,14,71,1008,24,3.05,1,,,,TRUE,FALSE,FALSE,FALSE
2013-06-16,19970,2013,6,16,Sunday,2,14,68,1014,16,0.25,1,,,,TRUE,FALSE,FALSE,FALSE
2013-06-17,28611,2013,6,17,Monday,2,17,61,1014,13,0,1,,,,TRUE,FALSE,FALSE,FALSE
2013-06-18,30871,2013,6,18,Tuesday,2,17,74,1014,11,0,1,,,,TRUE,FALSE,FALSE,FALSE
2013-06-19,31899,2013,6,19,Wednesday,2,21,70,1015,8,0,1,,,,TRUE,FALSE,FALSE,FALSE
2013-06-20,29959,2013,6,20,Thursday,2,19,76,1012,13,0,,,,,FALSE,FALSE,FALSE,FALSE
2013-06-21,28844,2013,6,21,Friday,3,19,77,1010,14,0,1,,,,TRUE,FALSE,FALSE,FALSE
2013-06-22,19483,2013,6,22,Saturday,3,16,79,1007,24,0.51,1,,,,TRUE,FALSE,FALSE,FALSE
2013-06-23,19006,2013,6,23,Sunday,3,15,73,1010,26,0.25,1,,,,TRUE,FALSE,FALSE,FALSE
2013-06-24,27636,2013,6,24,Monday,3,13,61,1022,16,0,,,,,FALSE,FALSE,FALSE,FALSE
2013-06-25,31889,2013,6,25,Tuesday,3,16,53,1029,6,0,,,,,FALSE,FALSE,FALSE,FALSE
2013-06-26,31156,2013,6,26,Wednesday,3,16,58,1030,8,0,,,,,FALSE,FALSE,FALSE,FALSE
2013-06-27,27306,2013,6,27,Thursday,3,16,71,1026,11,1.02,1,,,,TRUE,FALSE,FALSE,FALSE
2013-06-28,22074,2013,6,28,Friday,3,17,89,1020,13,1.02,1,,,,TRUE,FALSE,FALSE,FALSE
2013-06-29,29054,2013,6,29,Saturday,3,18,59,1023,13,0,,,,,FALSE,FALSE,FALSE,FALSE
2013-06-30,31237,2013,6,30,Sunday,3,21,69,1022,18,0,,,,,FALSE,FALSE,FALSE,FALSE
2013-07-01,31151,2013,7,1,Monday,3,17,63,1017,18,0,,,,,FALSE,FALSE,FALSE,FALSE
2013-07-02,30163,2013,7,2,Tuesday,3,14,76,1011,14,0,1,,,,TRUE,FALSE,FALSE,FALSE
2013-07-03,30780,2013,7,3,Wednesday,3,18,79,1009,18,0,1,,,,TRUE,FALSE,FALSE,FALSE
2013-07-04,32941,2013,7,4,Thursday,3,18,71,1020,16,0,,,,,FALSE,FALSE,FALSE,FALSE
2013-07-05,34704,2013,7,5,Friday,3,19,65,1028,8,0,,,,,FALSE,FALSE,FALSE,FALSE
2013-07-06,34191,2013,7,6,Saturday,3,21,58,1029,6,0,,,,,FALSE,FALSE,FALSE,FALSE
2013-07-07,31363,2013,7,7,Sunday,3,23,59,1031,10,0,1,,,,TRUE,FALSE,FALSE,FALSE
2013-07-08,34263,2013,7,8,Monday,3,21,59,1033,13,0,,,,,FALSE,FALSE,FALSE,FALSE
2013-07-09,35519,2013,7,9,Tuesday,3,20,49,1028,13,0,,,,,FALSE,FALSE,FALSE,FALSE
2013-07-10,33629,2013,7,10,Wednesday,3,18,60,1026,13,0,,,,,FALSE,FALSE,FALSE,FALSE
2013-07-11,33792,2013,7,11,Thursday,3,18,58,1025,13,0,,,,,FALSE,FALSE,FALSE,FALSE
2013-07-12,33173,2013,7,12,Friday,3,19,64,1025,8,0,,,,,FALSE,FALSE,FALSE,FALSE
2013-07-13,33509,2013,7,13,Saturday,3,23,60,1024,8,0,,,,,FALSE,FALSE,FALSE,FALSE
2013-07-14,32169,2013,7,14,Sunday,3,23,55,1024,10,0,,,,,FALSE,FALSE,FALSE,FALSE
2013-07-15,34419,2013,7,15,Monday,3,24,37,1023,8,0,,,,,FALSE,FALSE,FALSE,FALSE
2013-07-16,35580,2013,7,16,Tuesday,3,24,47,1023,6,0,,,,,FALSE,FALSE,FALSE,FALSE
2013-07-17,35203,2013,7,17,Wednesday,3,24,49,1024,8,0,,,,,FALSE,FALSE,FALSE,FALSE
2013-07-18,35330,2013,7,18,Thursday,3,24,53,1026,11,0,,,,,FALSE,FALSE,FALSE,FALSE
2013-07-19,35196,2013,7,19,Friday,3,22,52,1025,14,0,,,,,FALSE,FALSE,FALSE,FALSE
2013-07-20,28332,2013,7,20,Saturday,3,20,70,1023,14,0,,,,,FALSE,FALSE,FALSE,FALSE
2013-07-21,30075,2013,7,21,Sunday,3,22,67,1019,14,0,,,,,FALSE,FALSE,FALSE,FALSE
2013-07-22,33176,2013,7,22,Monday,3,26,61,1016,10,0,1,,1,,TRUE,FALSE,TRUE,FALSE
2013-07-23,31624,2013,7,23,Tuesday,3,24,67,1013,10,0.51,1,,1,,TRUE,FALSE,TRUE,FALSE
2013-07-24,34038,2013,7,24,Wednesday,3,21,68,1014,14,0,,,,,FALSE,FALSE,FALSE,FALSE
2013-07-25,33683,2013,7,25,Thursday,3,21,74,1013,13,0,1,,,,TRUE,FALSE,FALSE,FALSE
2013-07-26,34681,2013,7,26,Friday,3,20,63,1012,10,0,,,,,FALSE,FALSE,FALSE,FALSE
2013-07-27,25761,2013,7,27,Saturday,3,22,68,1007,8,6.1,1,,1,,TRUE,FALSE,TRUE,FALSE
2013-07-28,28177,2013,7,28,Sunday,3,19,73,1007,23,0.51,1,,,,TRUE,FALSE,FALSE,FALSE
2013-07-29,30415,2013,7,29,Monday,3,20,77,1011,19,1.02,1,,1,,TRUE,FALSE,TRUE,FALSE
2013-07-30,22742,2013,7,30,Tuesday,3,18,88,1013,16,4.06,1,,,,TRUE,FALSE,FALSE,FALSE
2013-07-31,28976,2013,7,31,Wednesday,3,20,79,1015,18,0,1,,,,TRUE,FALSE,FALSE,FALSE
2013-08-01,34770,2013,8,1,Thursday,3,25,62,1009,16,0,,,,,FALSE,FALSE,FALSE,FALSE
2013-08-02,29109,2013,8,2,Friday,3,22,71,1009,16,3.05,1,,1,,TRUE,FALSE,TRUE,FALSE
2013-08-03,34928,2013,8,3,Saturday,3,20,71,1015,19,0,1,,,,TRUE,FALSE,FALSE,FALSE
2013-08-04,32580,2013,8,4,Sunday,3,19,71,1019,16,0,,,,,FALSE,FALSE,FALSE,FALSE
2013-08-05,23864,2013,8,5,Monday,3,19,78,1012,13,10.92,1,,,,TRUE,FALSE,FALSE,FALSE
2013-08-06,33631,2013,8,6,Tuesday,3,17,65,1016,10,0.25,,,,,FALSE,FALSE,FALSE,FALSE
2013-08-07,33084,2013,8,7,Wednesday,3,19,58,1014,10,0,,,,,FALSE,FALSE,FALSE,FALSE
2013-08-08,33737,2013,8,8,Thursday,3,19,57,1019,8,0,,,,,FALSE,FALSE,FALSE,FALSE
2013-08-09,28206,2013,8,9,Friday,3,20,64,1019,16,0.51,1,,,,TRUE,FALSE,FALSE,FALSE
2013-08-10,28830,2013,8,10,Saturday,3,18,54,1022,11,0,,,,,FALSE,FALSE,FALSE,FALSE
2013-08-11,29530,2013,8,11,Sunday,3,20,57,1018,16,0,1,,,,TRUE,FALSE,FALSE,FALSE
2013-08-12,30425,2013,8,12,Monday,3,17,58,1017,13,0,,,,,FALSE,FALSE,FALSE,FALSE
2013-08-13,30933,2013,8,13,Tuesday,3,16,69,1022,13,0.25,1,,,,TRUE,FALSE,FALSE,FALSE
2013-08-14,31412,2013,8,14,Wednesday,3,17,76,1023,10,0.76,1,,,,TRUE,FALSE,FALSE,FALSE
2013-08-15,30865,2013,8,15,Thursday,3,20,80,1019,16,0,1,,,,TRUE,FALSE,FALSE,FALSE
2013-08-16,25555,2013,8,16,Friday,3,20,83,1015,16,0.76,1,,,,TRUE,FALSE,FALSE,FALSE
2013-08-17,23931,2013,8,17,Saturday,3,17,80,1012,16,0,1,,,,TRUE,FALSE,FALSE,FALSE
2013-08-18,26910,2013,8,18,Sunday,3,20,69,1010,19,0,1,,,,TRUE,FALSE,FALSE,FALSE
2013-08-19,31183,2013,8,19,Monday,3,18,58,1020,13,0,,,,,FALSE,FALSE,FALSE,FALSE
2013-08-20,33578,2013,8,20,Tuesday,3,18,58,1027,8,0,,,,,FALSE,FALSE,FALSE,FALSE
2013-08-21,33214,2013,8,21,Wednesday,3,20,59,1024,10,0.76,1,,,,TRUE,FALSE,FALSE,FALSE
2013-08-22,22363,2013,8,22,Thursday,3,20,85,1020,8,0.51,1,,,,TRUE,FALSE,FALSE,FALSE
2013-08-23,30665,2013,8,23,Friday,3,21,68,1014,14,0,,,,,FALSE,FALSE,FALSE,FALSE
2013-08-24,7341,2013,8,24,Saturday,3,18,85,1011,10,5.08,1,,,,TRUE,FALSE,FALSE,FALSE
2013-08-25,21638,2013,8,25,Sunday,3,19,76,1013,13,0.76,1,,,,TRUE,FALSE,FALSE,FALSE
2013-08-26,27802,2013,8,26,Monday,3,20,66,1018,10,0,,,,,FALSE,FALSE,FALSE,FALSE
2013-08-27,29563,2013,8,27,Tuesday,3,18,62,1019,6,0,,1,,,FALSE,TRUE,FALSE,FALSE
2013-08-28,32024,2013,8,28,Wednesday,3,18,60,1022,6,0,,1,,,FALSE,TRUE,FALSE,FALSE
2013-08-29,31639,2013,8,29,Thursday,3,19,66,1022,10,0,,,,,FALSE,FALSE,FALSE,FALSE
2013-08-30,31127,2013,8,30,Friday,3,20,70,1020,14,0,,,,,FALSE,FALSE,FALSE,FALSE
2013-08-31,29718,2013,8,31,Saturday,3,18,55,1025,11,0,,,,,FALSE,FALSE,FALSE,FALSE
2013-09-01,23856,2013,9,1,Sunday,3,16,59,1029,11,0,,,,,FALSE,FALSE,FALSE,FALSE
2013-09-02,31292,2013,9,2,Monday,3,19,66,1027,14,0,,,,,FALSE,FALSE,FALSE,FALSE
2013-09-03,31600,2013,9,3,Tuesday,3,20,72,1027,6,0,,,,,FALSE,FALSE,FALSE,FALSE
2013-09-04,33406,2013,9,4,Wednesday,3,21,64,1021,6,0,,1,,,FALSE,TRUE,FALSE,FALSE
2013-09-05,33574,2013,9,5,Thursday,3,22,62,1011,6,0,,,,,FALSE,FALSE,FALSE,FALSE
2013-09-06,20930,2013,9,6,Friday,3,16,76,1008,11,1.02,1,,,,TRUE,FALSE,FALSE,FALSE
2013-09-07,21279,2013,9,7,Saturday,3,15,69,1014,14,0.25,1,,,,TRUE,FALSE,FALSE,FALSE
2013-09-08,18046,2013,9,8,Sunday,3,13,81,1018,10,3.05,1,,,,TRUE,FALSE,FALSE,FALSE
2013-09-09,17943,2013,9,9,Monday,3,11,90,1016,8,3.05,1,,,,TRUE,FALSE,FALSE,FALSE
2013-09-10,24558,2013,9,10,Tuesday,3,13,72,1020,13,0,1,,,,TRUE,FALSE,FALSE,FALSE
2013-09-11,23386,2013,9,11,Wednesday,3,14,74,1021,13,0.76,1,,,,TRUE,FALSE,FALSE,FALSE
2013-09-12,24246,2013,9,12,Thursday,3,16,86,1019,6,1.02,1,,,,TRUE,FALSE,FALSE,FALSE
2013-09-13,15392,2013,9,13,Friday,3,17,93,1017,10,3.05,1,,,,TRUE,FALSE,FALSE,FALSE
2013-09-14,12977,2013,9,14,Saturday,3,11,84,1016,13,0,1,,,,TRUE,FALSE,FALSE,FALSE
2013-09-15,4826,2013,9,15,Sunday,3,11,84,1009,14,1.02,1,1,,,TRUE,TRUE,FALSE,FALSE
2013-09-16,21892,2013,9,16,Monday,3,11,62,1003,23,0.25,,,,,FALSE,FALSE,FALSE,FALSE
2013-09-17,18428,2013,9,17,Tuesday,3,11,82,1000,16,4.06,1,,,,TRUE,FALSE,FALSE,FALSE
2013-09-18,25319,2013,9,18,Wednesday,3,13,74,1004,11,0,1,,,,TRUE,FALSE,FALSE,FALSE
2013-09-19,18746,2013,9,19,Thursday,3,12,82,1010,14,0.25,1,,,,TRUE,FALSE,FALSE,FALSE
2013-09-20,26196,2013,9,20,Friday,3,13,72,1018,11,0,,,,,FALSE,FALSE,FALSE,FALSE
2013-09-21,21988,2013,9,21,Saturday,4,14,84,1024,10,0,1,,,,TRUE,FALSE,FALSE,FALSE
2013-09-22,22683,2013,9,22,Sunday,4,17,87,1028,10,0,1,,,,TRUE,FALSE,FALSE,FALSE
2013-09-23,26625,2013,9,23,Monday,4,16,88,1025,5,0,,1,,,FALSE,TRUE,FALSE,FALSE
2013-09-24,28666,2013,9,24,Tuesday,4,16,85,1016,5,0,,1,,,FALSE,TRUE,FALSE,FALSE
2013-09-25,28183,2013,9,25,Wednesday,4,17,80,1012,6,0,1,1,,,TRUE,TRUE,FALSE,FALSE
2013-09-26,28857,2013,9,26,Thursday,4,17,74,1016,11,0,,,,,FALSE,FALSE,FALSE,FALSE
2013-09-27,27371,2013,9,27,Friday,4,14,78,1016,11,0,,,,,FALSE,FALSE,FALSE,FALSE
2013-09-28,21716,2013,9,28,Saturday,4,16,78,1009,13,0.25,1,,,,TRUE,FALSE,FALSE,FALSE
2013-09-29,20654,2013,9,29,Sunday,4,17,77,1007,16,0,1,,,,TRUE,FALSE,FALSE,FALSE
2013-09-30,27089,2013,9,30,Monday,4,16,76,1006,13,0,,,,,FALSE,FALSE,FALSE,FALSE
2013-10-01,27711,2013,10,1,Tuesday,4,14,80,1009,13,0,1,,,,TRUE,FALSE,FALSE,FALSE
2013-10-02,26467,2013,10,2,Wednesday,4,18,83,1010,16,0,1,,,,TRUE,FALSE,FALSE,FALSE
2013-10-03,25153,2013,10,3,Thursday,4,16,93,1008,11,2.03,1,,,,TRUE,FALSE,FALSE,FALSE
2013-10-04,26522,2013,10,4,Friday,4,18,83,1009,18,0,1,,,,TRUE,FALSE,FALSE,FALSE
2013-10-05,22996,2013,10,5,Saturday,4,16,84,1020,8,0,1,,,,TRUE,FALSE,FALSE,FALSE
2013-10-06,25143,2013,10,6,Sunday,4,13,82,1026,6,0.25,,1,,,FALSE,TRUE,FALSE,FALSE
2013-10-07,26680,2013,10,7,Monday,4,14,86,1025,10,0,,1,,,FALSE,TRUE,FALSE,FALSE
2013-10-08,27598,2013,10,8,Tuesday,4,17,86,1025,13,0,,,,,FALSE,FALSE,FALSE,FALSE
2013-10-09,26433,2013,10,9,Wednesday,4,13,78,1020,13,0,1,1,,,TRUE,TRUE,FALSE,FALSE
2013-10-10,23497,2013,10,10,Thursday,4,9,66,1019,16,0.25,1,,,,TRUE,FALSE,FALSE,FALSE
2013-10-11,15640,2013,10,11,Friday,4,11,84,1017,19,3.05,1,,,,TRUE,FALSE,FALSE,FALSE
2013-10-12,17068,2013,10,12,Saturday,4,11,80,1018,14,0,1,,,,TRUE,FALSE,FALSE,FALSE
2013-10-13,7068,2013,10,13,Sunday,4,10,94,1011,14,10.92,1,,,,TRUE,FALSE,FALSE,FALSE
2013-10-14,18979,2013,10,14,Monday,4,10,92,1007,19,2.03,1,,,,TRUE,FALSE,FALSE,FALSE
2013-10-15,24657,2013,10,15,Tuesday,4,10,89,1011,11,0,,,,,FALSE,FALSE,FALSE,FALSE
2013-10-16,20562,2013,10,16,Wednesday,4,10,92,1010,11,5.08,1,1,,,TRUE,TRUE,FALSE,FALSE
2013-10-17,25170,2013,10,17,Thursday,4,15,83,1013,23,0.25,1,,,,TRUE,FALSE,FALSE,FALSE
2013-10-18,24880,2013,10,18,Friday,4,14,89,1014,10,0,1,1,,,TRUE,TRUE,FALSE,FALSE
2013-10-19,17430,2013,10,19,Saturday,4,16,91,1005,13,0.51,1,,,,TRUE,FALSE,FALSE,FALSE
2013-10-20,11396,2013,10,20,Sunday,4,14,91,1005,16,11.94,1,,1,,TRUE,FALSE,TRUE,FALSE
2013-10-21,21385,2013,10,21,Monday,4,15,86,1005,18,0.51,1,,,,TRUE,FALSE,FALSE,FALSE
2013-10-22,22316,2013,10,22,Tuesday,4,16,85,997,21,1.02,1,,1,,TRUE,FALSE,TRUE,FALSE
2013-10-23,24178,2013,10,23,Wednesday,4,14,77,999,23,0.51,1,,,,TRUE,FALSE,FALSE,FALSE
2013-10-24,26399,2013,10,24,Thursday,4,12,84,1013,8,0,1,1,,,TRUE,TRUE,FALSE,FALSE
2013-10-25,23677,2013,10,25,Friday,4,16,84,1005,16,0,1,,,,TRUE,FALSE,FALSE,FALSE
2013-10-26,16986,2013,10,26,Saturday,4,16,82,1004,23,0,1,,,,TRUE,FALSE,FALSE,FALSE
2013-10-27,15652,2013,10,27,Sunday,4,13,78,996,26,0,1,,,,TRUE,FALSE,FALSE,FALSE
2013-10-28,14577,2013,10,28,Monday,4,12,79,992,29,0,1,,,,TRUE,FALSE,FALSE,FALSE
2013-10-29,23126,2013,10,29,Tuesday,4,9,75,1011,19,0,,,,,FALSE,FALSE,FALSE,FALSE
2013-10-30,24753,2013,10,30,Wednesday,4,9,80,1020,11,0,,,,,FALSE,FALSE,FALSE,FALSE
2013-10-31,20055,2013,10,31,Thursday,4,12,88,1016,18,0.51,1,,,,TRUE,FALSE,FALSE,FALSE
2013-11-01,20597,2013,11,1,Friday,4,13,87,1008,14,0.51,1,,,,TRUE,FALSE,FALSE,FALSE
2013-11-02,15347,2013,11,2,Saturday,4,13,79,998,16,0,1,,,,TRUE,FALSE,FALSE,FALSE
2013-11-03,13063,2013,11,3,Sunday,4,10,73,998,27,9.91,1,,,,TRUE,FALSE,FALSE,FALSE
2013-11-04,20369,2013,11,4,Monday,4,8,79,992,14,0.25,1,,,,TRUE,FALSE,FALSE,FALSE
2013-11-05,19326,2013,11,5,Tuesday,4,8,81,995,14,2.03,1,,,,TRUE,FALSE,FALSE,FALSE
2013-11-06,18431,2013,11,6,Wednesday,4,12,87,999,18,3.05,1,,,,TRUE,FALSE,FALSE,FALSE
2013-11-07,22527,2013,11,7,Thursday,4,9,82,1006,16,0,1,,,,TRUE,FALSE,FALSE,FALSE
2013-11-08,15188,2013,11,8,Friday,4,8,92,1005,10,8.89,1,,,,TRUE,FALSE,FALSE,FALSE
2013-11-09,6772,2013,11,9,Saturday,4,6,92,1006,11,4.06,1,,,,TRUE,FALSE,FALSE,FALSE
2013-11-10,9767,2013,11,10,Sunday,4,7,82,1016,10,0,1,,,,TRUE,FALSE,FALSE,FALSE
2013-11-11,14377,2013,11,11,Monday,4,7,96,1022,11,0.76,1,,,,TRUE,FALSE,FALSE,FALSE
2013-11-12,19572,2013,11,12,Tuesday,4,8,90,1026,10,1.02,1,,,,TRUE,FALSE,FALSE,FALSE
2013-11-13,22021,2013,11,13,Wednesday,4,6,85,1032,8,0.25,,,,,FALSE,FALSE,FALSE,FALSE
2013-11-14,21061,2013,11,14,Thursday,4,7,79,1024,19,0,1,,,,TRUE,FALSE,FALSE,FALSE
2013-11-15,20850,2013,11,15,Friday,4,6,74,1033,10,0,,,,,FALSE,FALSE,FALSE,FALSE
2013-11-16,15029,2013,11,16,Saturday,4,5,93,1032,5,0,1,1,,,TRUE,TRUE,FALSE,FALSE
2013-11-17,12340,2013,11,17,Sunday,4,8,90,1024,5,0.25,1,,,,TRUE,FALSE,FALSE,FALSE
2013-11-18,18491,2013,11,18,Monday,4,8,95,1011,8,0.25,1,,,,TRUE,FALSE,FALSE,FALSE
2013-11-19,20335,2013,11,19,Tuesday,4,2,79,1014,11,0,,,,,FALSE,FALSE,FALSE,FALSE
2013-11-20,14115,2013,11,20,Wednesday,4,2,89,1004,13,2.03,1,,1,,TRUE,FALSE,TRUE,FALSE
2013-11-21,18668,2013,11,21,Thursday,4,6,81,1005,14,0,1,,,,TRUE,FALSE,FALSE,FALSE
2013-11-22,18789,2013,11,22,Friday,4,6,78,1018,13,0,1,,,,TRUE,FALSE,FALSE,FALSE
2013-11-23,13276,2013,11,23,Saturday,4,4,85,1024,11,0,1,,,,TRUE,FALSE,FALSE,FALSE
2013-11-24,10505,2013,11,24,Sunday,4,7,81,1031,10,0,1,,,,TRUE,FALSE,FALSE,FALSE
2013-11-25,19201,2013,11,25,Monday,4,6,82,1038,8,0,1,,,,TRUE,FALSE,FALSE,FALSE
2013-11-26,20486,2013,11,26,Tuesday,4,4,78,1038,8,0,,,,,FALSE,FALSE,FALSE,FALSE
2013-11-27,20274,2013,11,27,Wednesday,4,8,91,1034,6,0,1,,,,TRUE,FALSE,FALSE,FALSE
2013-11-28,20649,2013,11,28,Thursday,4,9,90,1034,6,0,,,,,FALSE,FALSE,FALSE,FALSE
2013-11-29,19397,2013,11,29,Friday,4,8,79,1026,14,0.25,1,,,,TRUE,FALSE,FALSE,FALSE
2013-11-30,13323,2013,11,30,Saturday,4,6,77,1028,13,0,1,,,,TRUE,FALSE,FALSE,FALSE
2013-12-01,11711,2013,12,1,Sunday,4,5,87,1033,6,0,,,,,FALSE,FALSE,FALSE,FALSE
2013-12-02,19630,2013,12,2,Monday,4,8,83,1034,5,0,,,,,FALSE,FALSE,FALSE,FALSE
2013-12-03,20242,2013,12,3,Tuesday,4,6,77,1029,6,0,,,,,FALSE,FALSE,FALSE,FALSE
2013-12-04,20035,2013,12,4,Wednesday,4,4,81,1029,13,0,1,,,,TRUE,FALSE,FALSE,FALSE
2013-12-05,18326,2013,12,5,Thursday,4,5,77,1024,21,0.51,1,,,,TRUE,FALSE,FALSE,FALSE
2013-12-06,18494,2013,12,6,Friday,4,4,76,1028,14,0,,,,,FALSE,FALSE,FALSE,FALSE
2013-12-07,13625,2013,12,7,Saturday,4,7,89,1026,13,0,1,,,,TRUE,FALSE,FALSE,FALSE
2013-12-08,13076,2013,12,8,Sunday,4,8,86,1025,16,0,1,,,,TRUE,FALSE,FALSE,FALSE
2013-12-09,19969,2013,12,9,Monday,4,8,92,1029,13,0.25,,,,,FALSE,FALSE,FALSE,FALSE
2013-12-10,20432,2013,12,10,Tuesday,4,5,94,1031,6,0,,1,,,FALSE,TRUE,FALSE,FALSE
2013-12-11,19123,2013,12,11,Wednesday,4,3,99,1029,3,0,,1,,,FALSE,TRUE,FALSE,FALSE
2013-12-12,19420,2013,12,12,Thursday,4,4,96,1024,8,0.25,,1,,,FALSE,TRUE,FALSE,FALSE
2013-12-13,16921,2013,12,13,Friday,4,10,89,1019,13,2.03,1,,,,TRUE,FALSE,FALSE,FALSE
2013-12-14,14049,2013,12,14,Saturday,4,8,85,1022,19,0.25,1,,,,TRUE,FALSE,FALSE,FALSE
2013-12-15,8557,2013,12,15,Sunday,4,10,94,1019,24,2.03,1,,,,TRUE,FALSE,FALSE,FALSE
2013-12-16,13825,2013,12,16,Monday,4,10,92,1016,24,2.03,1,,,,TRUE,FALSE,FALSE,FALSE
2013-12-17,15689,2013,12,17,Tuesday,4,6,92,1021,8,0.51,1,,,,TRUE,FALSE,FALSE,FALSE
2013-12-18,17311,2013,12,18,Wednesday,4,8,90,1007,18,0.25,1,,,,TRUE,FALSE,FALSE,FALSE
2013-12-19,17738,2013,12,19,Thursday,4,6,79,1002,19,4.06,1,,1,,TRUE,FALSE,TRUE,FALSE
2013-12-20,18046,2013,12,20,Friday,4,7,82,1019,18,0,1,,,,TRUE,FALSE,FALSE,FALSE
2013-12-21,5774,2013,12,21,Saturday,4,10,87,1012,34,4.06,1,,,,TRUE,FALSE,FALSE,FALSE
2013-12-22,9233,2013,12,22,Sunday,1,8,72,1010,23,0,1,,,,TRUE,FALSE,FALSE,FALSE
2013-12-23,6246,2013,12,23,Monday,1,8,84,997,26,9.91,1,,,,TRUE,FALSE,FALSE,FALSE
2013-12-24,6201,2013,12,24,Tuesday,1,7,81,979,32,2.03,1,,,,TRUE,FALSE,FALSE,FALSE
2013-12-25,27715,2013,12,25,Wednesday,1,4,87,985,13,2.03,1,,,,TRUE,FALSE,FALSE,FALSE
2013-12-26,7666,2013,12,26,Thursday,1,4,91,995,10,0.25,1,1,,,TRUE,TRUE,FALSE,FALSE
2013-12-27,7258,2013,12,27,Friday,1,7,70,986,35,0,1,,,,TRUE,FALSE,FALSE,FALSE
2013-12-28,10533,2013,12,28,Saturday,1,5,74,998,16,0,,,,,FALSE,FALSE,FALSE,FALSE
2013-12-29,10983,2013,12,29,Sunday,1,3,82,1015,11,0.25,,,,,FALSE,FALSE,FALSE,FALSE
2013-12-30,8413,2013,12,30,Monday,1,8,82,1010,27,5.08,1,,,,TRUE,FALSE,FALSE,FALSE
2013-12-31,7701,2013,12,31,Tuesday,1,8,85,1004,19,5.08,1,,,,TRUE,FALSE,FALSE,FALSE
2014-01-01,4327,2014,1,1,Wednesday,1,8,86,993,26,9.91,1,,,,TRUE,FALSE,FALSE,FALSE
2014-01-02,15820,2014,1,2,Thursday,1,9,81,993,21,1.02,1,,,,TRUE,FALSE,FALSE,FALSE
2014-01-03,11636,2014,1,3,Friday,1,8,76,994,29,7.11,1,,1,,TRUE,FALSE,TRUE,FALSE
2014-01-04,6918,2014,1,4,Saturday,1,6,85,993,21,9.91,1,,,,TRUE,FALSE,FALSE,FALSE
2014-01-05,9145,2014,1,5,Sunday,1,7,88,1000,16,0.25,1,,,,TRUE,FALSE,FALSE,FALSE
2014-01-06,13066,2014,1,6,Monday,1,10,78,994,29,2.03,1,,,,TRUE,FALSE,FALSE,FALSE
2014-01-07,17420,2014,1,7,Tuesday,1,10,78,1003,27,5.08,1,,,,TRUE,FALSE,FALSE,FALSE
2014-01-08,19770,2014,1,8,Wednesday,1,9,85,1012,18,1.02,1,,,,TRUE,FALSE,FALSE,FALSE
2014-01-09,19143,2014,1,9,Thursday,1,8,76,1006,26,0,1,,,,TRUE,FALSE,FALSE,FALSE
2014-01-10,18840,2014,1,10,Friday,1,7,85,1014,13,0.25,1,,,,TRUE,FALSE,FALSE,FALSE
2014-01-11,15723,2014,1,11,Saturday,1,4,80,1019,14,0,1,,,,TRUE,FALSE,FALSE,FALSE
2014-01-12,11975,2014,1,12,Sunday,1,4,91,1016,10,0.51,1,1,,,TRUE,TRUE,FALSE,FALSE
2014-01-13,17721,2014,1,13,Monday,1,7,85,1005,19,5.08,1,,,,TRUE,FALSE,FALSE,FALSE
2014-01-14,20740,2014,1,14,Tuesday,1,4,82,1004,13,0.25,1,,,,TRUE,FALSE,FALSE,FALSE
2014-01-15,19243,2014,1,15,Wednesday,1,8,91,998,18,1.02,1,,,,TRUE,FALSE,FALSE,FALSE
2014-01-16,18861,2014,1,16,Thursday,1,8,85,990,18,3.05,1,,,,TRUE,FALSE,FALSE,FALSE
2014-01-17,17434,2014,1,17,Friday,1,7,86,991,19,4.06,1,,,,TRUE,FALSE,FALSE,FALSE
2014-01-18,15333,2014,1,18,Saturday,1,8,84,991,14,0.51,1,,,,TRUE,FALSE,FALSE,FALSE
2014-01-19,16083,2014,1,19,Sunday,1,6,79,995,13,0,1,,,,TRUE,FALSE,FALSE,FALSE
2014-01-20,21218,2014,1,20,Monday,1,4,86,1008,3,0.25,,1,,,FALSE,TRUE,FALSE,FALSE
2014-01-21,21756,2014,1,21,Tuesday,1,4,88,1010,8,0.25,1,1,,,TRUE,TRUE,FALSE,FALSE
2014-01-22,21072,2014,1,22,Wednesday,1,8,87,1007,14,0.25,1,,,,TRUE,FALSE,FALSE,FALSE
2014-01-23,20020,2014,1,23,Thursday,1,6,81,1012,13,1.02,1,,,,TRUE,FALSE,FALSE,FALSE
2014-01-24,19272,2014,1,24,Friday,1,4,85,1014,11,5.08,1,,,,TRUE,FALSE,FALSE,FALSE
2014-01-25,14581,2014,1,25,Saturday,1,9,83,1012,13,2.03,1,1,,,TRUE,TRUE,FALSE,FALSE
2014-01-26,7033,2014,1,26,Sunday,1,6,80,1002,19,5.08,1,,,,TRUE,FALSE,FALSE,FALSE
2014-01-27,18285,2014,1,27,Monday,1,5,80,990,23,2.03,1,,,,TRUE,FALSE,FALSE,FALSE
2014-01-28,19939,2014,1,28,Tuesday,1,7,82,985,18,0.25,1,,,,TRUE,FALSE,FALSE,FALSE
2014-01-29,10585,2014,1,29,Wednesday,1,4,90,994,14,13.97,1,,,,TRUE,FALSE,FALSE,FALSE
2014-01-30,17052,2014,1,30,Thursday,1,4,89,1002,10,0,1,,,,TRUE,FALSE,FALSE,FALSE
2014-01-31,13859,2014,1,31,Friday,1,5,90,998,13,7.11,1,1,,,TRUE,TRUE,FALSE,FALSE
2014-02-01,13981,2014,2,1,Saturday,1,7,73,990,24,0,1,,,,TRUE,FALSE,FALSE,FALSE
2014-02-02,15924,2014,2,2,Sunday,1,8,71,1005,24,0,,,,,FALSE,FALSE,FALSE,FALSE
2014-02-03,20370,2014,2,3,Monday,1,6,79,1003,18,0,,,,,FALSE,FALSE,FALSE,FALSE
2014-02-04,21217,2014,2,4,Tuesday,1,7,76,996,21,0.51,1,,,,TRUE,FALSE,FALSE,FALSE
2014-02-05,29418,2014,2,5,Wednesday,1,8,75,982,34,2.03,1,,,,TRUE,FALSE,FALSE,FALSE
2014-02-06,25395,2014,2,6,Thursday,1,8,82,989,26,7.11,1,,,,TRUE,FALSE,FALSE,FALSE
2014-02-07,19857,2014,2,7,Friday,1,7,78,989,19,0.51,1,,,,TRUE,FALSE,FALSE,FALSE
2014-02-08,10928,2014,2,8,Saturday,1,8,74,979,32,2.03,1,,,,TRUE,FALSE,FALSE,FALSE
2014-02-09,11657,2014,2,9,Sunday,1,7,65,985,34,0,1,,,,TRUE,FALSE,FALSE,FALSE
2014-02-10,19278,2014,2,10,Monday,1,6,83,993,11,1.02,1,,,,TRUE,FALSE,FALSE,FALSE
2014-02-11,18514,2014,2,11,Tuesday,1,5,75,996,19,2.03,1,,,,TRUE,FALSE,FALSE,FALSE
2014-02-12,18000,2014,2,12,Wednesday,1,6,74,994,26,7.87,1,,1,,TRUE,FALSE,TRUE,FALSE
2014-02-13,20954,2014,2,13,Thursday,1,6,66,992,27,0,,,,,FALSE,FALSE,FALSE,FALSE
2014-02-14,12794,2014,2,14,Friday,1,8,81,989,24,8.89,1,,,,TRUE,FALSE,FALSE,FALSE
2014-02-15,11208,2014,2,15,Saturday,1,8,67,989,47,0.51,1,,,,TRUE,FALSE,FALSE,FALSE
2014-02-16,18484,2014,2,16,Sunday,1,6,74,1007,16,0,1,,,,TRUE,FALSE,FALSE,FALSE
2014-02-17,19013,2014,2,17,Monday,1,7,83,1008,14,0.25,1,,,,TRUE,FALSE,FALSE,FALSE
2014-02-18,19484,2014,2,18,Tuesday,1,8,88,1008,14,6.1,1,,,,TRUE,FALSE,FALSE,FALSE
2014-02-19,21556,2014,2,19,Wednesday,1,7,88,1011,13,0,1,1,,,TRUE,TRUE,FALSE,FALSE
2014-02-20,19396,2014,2,20,Thursday,1,9,84,1001,21,1.02,1,,,,TRUE,FALSE,FALSE,FALSE
2014-02-21,21269,2014,2,21,Friday,1,7,70,1003,19,0,1,,,,TRUE,FALSE,FALSE,FALSE
2014-02-22,20033,2014,2,22,Saturday,1,8,68,1009,21,0,,,,,FALSE,FALSE,FALSE,FALSE
2014-02-23,13680,2014,2,23,Sunday,1,10,73,1010,27,0,1,,,,TRUE,FALSE,FALSE,FALSE
2014-02-24,21469,2014,2,24,Monday,1,11,74,1005,19,0.51,1,,,,TRUE,FALSE,FALSE,FALSE
2014-02-25,20713,2014,2,25,Tuesday,1,8,78,1000,24,3.05,1,,,1,TRUE,FALSE,FALSE,TRUE
2014-02-26,23938,2014,2,26,Wednesday,1,7,73,1013,14,0,1,,,,TRUE,FALSE,FALSE,FALSE
2014-02-27,20629,2014,2,27,Thursday,1,7,73,1007,23,2.03,1,,,,TRUE,FALSE,FALSE,FALSE
2014-02-28,13781,2014,2,28,Friday,1,5,85,999,13,5.08,1,,,,TRUE,FALSE,FALSE,FALSE
2014-03-01,18823,2014,3,1,Saturday,1,6,75,1002,8,0,,1,,,FALSE,TRUE,FALSE,FALSE
2014-03-02,11727,2014,3,2,Sunday,1,6,82,993,18,0.25,1,,,,TRUE,FALSE,FALSE,FALSE
2014-03-03,18150,2014,3,3,Monday,1,6,83,986,10,0.76,1,,,,TRUE,FALSE,FALSE,FALSE
2014-03-04,23069,2014,3,4,Tuesday,1,6,78,1004,8,0,1,1,,,TRUE,TRUE,FALSE,FALSE
2014-03-05,25102,2014,3,5,Wednesday,1,7,72,1020,6,0.25,,,,,FALSE,FALSE,FALSE,FALSE
2014-03-06,24696,2014,3,6,Thursday,1,9,77,1024,14,0,,,,,FALSE,FALSE,FALSE,FALSE
2014-03-07,24385,2014,3,7,Friday,1,11,72,1023,14,0,1,,,,TRUE,FALSE,FALSE,FALSE
2014-03-08,25556,2014,3,8,Saturday,1,11,65,1025,18,0,,,,,FALSE,FALSE,FALSE,FALSE
2014-03-09,33955,2014,3,9,Sunday,1,12,58,1022,10,0,,,,,FALSE,FALSE,FALSE,FALSE
2014-03-10,24347,2014,3,10,Monday,1,8,73,1028,8,0,,,,,FALSE,FALSE,FALSE,FALSE
2014-03-11,23871,2014,3,11,Tuesday,1,8,76,1033,14,0,1,,,,TRUE,FALSE,FALSE,FALSE
2014-03-12,27173,2014,3,12,Wednesday,1,9,76,1032,8,0,,,,,FALSE,FALSE,FALSE,FALSE
2014-03-13,27552,2014,3,13,Thursday,1,10,75,1030,5,0,,1,,,FALSE,TRUE,FALSE,FALSE
2014-03-14,28134,2014,3,14,Friday,1,9,73,1027,8,0,,1,,,FALSE,TRUE,FALSE,FALSE
2014-03-15,29664,2014,3,15,Saturday,1,12,64,1026,16,0,,,,,FALSE,FALSE,FALSE,FALSE
2014-03-16,34421,2014,3,16,Sunday,1,13,63,1024,16,0,,,,,FALSE,FALSE,FALSE,FALSE
2014-03-17,26465,2014,3,17,Monday,1,9,74,1021,14,0,,,,,FALSE,FALSE,FALSE,FALSE
2014-03-18,25502,2014,3,18,Tuesday,1,10,69,1017,21,0,1,,,,TRUE,FALSE,FALSE,FALSE
2014-03-19,26719,2014,3,19,Wednesday,1,11,68,1022,18,0,,,,,FALSE,FALSE,FALSE,FALSE
2014-03-20,23718,2014,3,20,Thursday,1,10,77,1009,23,3.05,1,,,,TRUE,FALSE,FALSE,FALSE
2014-03-21,23821,2014,3,21,Friday,2,10,67,1005,19,3.05,1,,,,TRUE,FALSE,FALSE,FALSE
2014-03-22,19091,2014,3,22,Saturday,2,8,67,999,23,0,1,,,,TRUE,FALSE,FALSE,FALSE
2014-03-23,17463,2014,3,23,Sunday,2,6,65,1008,16,0,1,,,,TRUE,FALSE,FALSE,FALSE
2014-03-24,24055,2014,3,24,Monday,2,6,67,1012,11,0.25,1,1,,,TRUE,TRUE,FALSE,FALSE
2014-03-25,19421,2014,3,25,Tuesday,2,7,80,1009,13,5.08,1,,,,TRUE,FALSE,FALSE,FALSE
2014-03-26,20493,2014,3,26,Wednesday,2,6,80,1017,10,2.03,1,1,,,TRUE,TRUE,FALSE,FALSE
2014-03-27,23462,2014,3,27,Thursday,2,7,75,1013,10,0,1,1,,,TRUE,TRUE,FALSE,FALSE
2014-03-28,24198,2014,3,28,Friday,2,9,70,1015,13,0,1,,,,TRUE,FALSE,FALSE,FALSE
2014-03-29,29511,2014,3,29,Saturday,2,13,57,1014,16,0,,,,,FALSE,FALSE,FALSE,FALSE
2014-03-30,26605,2014,3,30,Sunday,2,13,56,1013,8,0,1,,,,TRUE,FALSE,FALSE,FALSE
2014-03-31,26715,2014,3,31,Monday,2,13,63,1013,11,1.02,1,,,,TRUE,FALSE,FALSE,FALSE
2014-04-01,29782,2014,4,1,Tuesday,2,13,80,1010,5,0,1,1,,,TRUE,TRUE,FALSE,FALSE
2014-04-02,28876,2014,4,2,Wednesday,2,14,71,1004,13,0,1,,,,TRUE,FALSE,FALSE,FALSE
2014-04-03,28245,2014,4,3,Thursday,2,14,75,1000,11,0,,,,,FALSE,FALSE,FALSE,FALSE
2014-04-04,27401,2014,4,4,Friday,2,12,71,1008,14,0,,,,,FALSE,FALSE,FALSE,FALSE
2014-04-05,25648,2014,4,5,Saturday,2,10,83,1013,13,0,1,1,,,TRUE,TRUE,FALSE,FALSE
2014-04-06,16387,2014,4,6,Sunday,2,14,88,1013,21,2.03,1,,,,TRUE,FALSE,FALSE,FALSE
2014-04-07,18883,2014,4,7,Monday,2,11,87,1009,23,2.03,1,,,,TRUE,FALSE,FALSE,FALSE
2014-04-08,26654,2014,4,8,Tuesday,2,9,64,1018,23,0,1,,,,TRUE,FALSE,FALSE,FALSE
2014-04-09,29621,2014,4,9,Wednesday,2,10,68,1026,13,0,,,,,FALSE,FALSE,FALSE,FALSE
2014-04-10,29229,2014,4,10,Thursday,2,11,62,1022,10,0,,,,,FALSE,FALSE,FALSE,FALSE
2014-04-11,28435,2014,4,11,Friday,2,12,53,1021,8,0,,,,,FALSE,FALSE,FALSE,FALSE
2014-04-12,25706,2014,4,12,Saturday,2,10,66,1019,11,0,,,,,FALSE,FALSE,FALSE,FALSE
2014-04-13,31404,2014,4,13,Sunday,2,12,63,1021,14,0,,,,,FALSE,FALSE,FALSE,FALSE
2014-04-14,28742,2014,4,14,Monday,2,11,57,1024,13,0,,,,,FALSE,FALSE,FALSE,FALSE
2014-04-15,30031,2014,4,15,Tuesday,2,9,58,1030,10,0,,,,,FALSE,FALSE,FALSE,FALSE
2014-04-16,30934,2014,4,16,Wednesday,2,10,54,1027,11,0,,,,,FALSE,FALSE,FALSE,FALSE
2014-04-17,27676,2014,4,17,Thursday,2,11,59,1020,11,0,,,,,FALSE,FALSE,FALSE,FALSE
2014-04-18,22152,2014,4,18,Friday,2,9,57,1020,13,0,,,,,FALSE,FALSE,FALSE,FALSE
2014-04-19,21424,2014,4,19,Saturday,2,9,59,1018,11,0,,,,,FALSE,FALSE,FALSE,FALSE
2014-04-20,7188,2014,4,20,Sunday,2,10,84,1007,13,8.89,1,,,,TRUE,FALSE,FALSE,FALSE
2014-04-21,20532,2014,4,21,Monday,2,12,78,1005,6,9.91,1,1,1,,TRUE,TRUE,TRUE,FALSE
2014-04-22,22689,2014,4,22,Tuesday,2,13,82,1008,11,0,1,,,,TRUE,FALSE,FALSE,FALSE
2014-04-23,27102,2014,4,23,Wednesday,2,11,79,1017,13,0.51,1,,,,TRUE,FALSE,FALSE,FALSE
2014-04-24,29119,2014,4,24,Thursday,2,13,72,1019,8,0,1,,,,TRUE,FALSE,FALSE,FALSE
2014-04-25,20400,2014,4,25,Friday,2,10,91,1012,10,6.1,1,,,,TRUE,FALSE,FALSE,FALSE
2014-04-26,25195,2014,4,26,Saturday,2,12,72,1005,19,0.76,1,,,,TRUE,FALSE,FALSE,FALSE
2014-04-27,21284,2014,4,27,Sunday,2,11,74,1003,18,0.76,1,,,,TRUE,FALSE,FALSE,FALSE
2014-04-28,29474,2014,4,28,Monday,2,13,73,1010,11,0,1,,,,TRUE,FALSE,FALSE,FALSE
2014-04-29,46333,2014,4,29,Tuesday,2,13,76,1012,8,0,1,,,,TRUE,FALSE,FALSE,FALSE
2014-04-30,49025,2014,4,30,Wednesday,2,13,72,1012,8,0,,1,,,FALSE,TRUE,FALSE,FALSE
2014-05-01,16644,2014,5,1,Thursday,2,12,89,1010,10,6.1,1,,,,TRUE,FALSE,FALSE,FALSE
2014-05-02,26510,2014,5,2,Friday,2,9,75,1023,13,0,1,,,,TRUE,FALSE,FALSE,FALSE
2014-05-03,31534,2014,5,3,Saturday,2,8,56,1028,8,0,,,,,FALSE,FALSE,FALSE,FALSE
2014-05-04,33030,2014,5,4,Sunday,2,10,62,1023,10,0,,,,,FALSE,FALSE,FALSE,FALSE
2014-05-05,33748,2014,5,5,Monday,2,12,60,1013,13,0,,,,,FALSE,FALSE,FALSE,FALSE
2014-05-06,32323,2014,5,6,Tuesday,2,15,64,1006,14,0.25,1,,,,TRUE,FALSE,FALSE,FALSE
2014-05-07,28802,2014,5,7,Wednesday,2,14,66,1009,23,1.02,1,,,,TRUE,FALSE,FALSE,FALSE
2014-05-08,19398,2014,5,8,Thursday,2,13,80,1008,24,4.06,1,,,,TRUE,FALSE,FALSE,FALSE
2014-05-09,30131,2014,5,9,Friday,2,14,59,1011,27,0.25,1,,,,TRUE,FALSE,FALSE,FALSE
2014-05-10,19373,2014,5,10,Saturday,2,14,74,1004,24,2.03,1,,,,TRUE,FALSE,FALSE,FALSE
2014-05-11,17645,2014,5,11,Sunday,2,11,63,1003,34,0.25,1,,,,TRUE,FALSE,FALSE,FALSE
2014-05-12,26149,2014,5,12,Monday,2,13,65,1010,21,3.05,1,,,,TRUE,FALSE,FALSE,FALSE
2014-05-13,25351,2014,5,13,Tuesday,2,12,74,1019,10,7.87,1,,,,TRUE,FALSE,FALSE,FALSE
2014-05-14,34122,2014,5,14,Wednesday,2,13,60,1031,10,0,,,,,FALSE,FALSE,FALSE,FALSE
2014-05-15,35148,2014,5,15,Thursday,2,14,63,1035,8,0,,,,,FALSE,FALSE,FALSE,FALSE
2014-05-16,36268,2014,5,16,Friday,2,16,58,1032,5,0,,,,,FALSE,FALSE,FALSE,FALSE
2014-05-17,38147,2014,5,17,Saturday,2,17,62,1023,8,0,,,,,FALSE,FALSE,FALSE,FALSE
2014-05-18,43663,2014,5,18,Sunday,2,18,57,1012,10,0,,,,,FALSE,FALSE,FALSE,FALSE
2014-05-19,37088,2014,5,19,Monday,2,20,54,1004,13,0,,,,,FALSE,FALSE,FALSE,FALSE
2014-05-20,33626,2014,5,20,Tuesday,2,17,68,1007,13,0,1,,,,TRUE,FALSE,FALSE,FALSE
2014-05-21,34437,2014,5,21,Wednesday,2,14,67,1008,10,0,1,,,,TRUE,FALSE,FALSE,FALSE
2014-05-22,30819,2014,5,22,Thursday,2,14,76,1001,14,5.08,1,,1,,TRUE,FALSE,TRUE,FALSE
2014-05-23,30556,2014,5,23,Friday,2,13,68,1005,19,2.03,1,,,,TRUE,FALSE,FALSE,FALSE
2014-05-24,18723,2014,5,24,Saturday,2,13,76,1009,13,5.08,1,,,,TRUE,FALSE,FALSE,FALSE
2014-05-25,33401,2014,5,25,Sunday,2,13,60,1017,16,0,,,,,FALSE,FALSE,FALSE,FALSE
2014-05-26,12049,2014,5,26,Monday,2,11,84,1019,6,7.11,1,,,,TRUE,FALSE,FALSE,FALSE
2014-05-27,14446,2014,5,27,Tuesday,2,12,87,1014,11,0.51,1,,,,TRUE,FALSE,FALSE,FALSE
2014-05-28,21978,2014,5,28,Wednesday,2,12,88,1012,11,0,1,,,,TRUE,FALSE,FALSE,FALSE
2014-05-29,29229,2014,5,29,Thursday,2,16,78,1015,8,0,1,,,,TRUE,FALSE,FALSE,FALSE
2014-05-30,31331,2014,5,30,Friday,2,14,71,1023,11,0,,,,,FALSE,FALSE,FALSE,FALSE
2014-05-31,35040,2014,5,31,Saturday,2,13,63,1025,5,0,,,,,FALSE,FALSE,FALSE,FALSE
2014-06-01,36655,2014,6,1,Sunday,2,17,58,1022,6,0,,,,,FALSE,FALSE,FALSE,FALSE
2014-06-02,33481,2014,6,2,Monday,2,17,68,1018,11,0,1,,,,TRUE,FALSE,FALSE,FALSE
2014-06-03,29332,2014,6,3,Tuesday,2,16,76,1012,11,1.02,1,,,,TRUE,FALSE,FALSE,FALSE
2014-06-04,25905,2014,6,4,Wednesday,2,11,78,1005,13,2.03,1,,1,,TRUE,FALSE,TRUE,FALSE
2014-06-05,34617,2014,6,5,Thursday,2,13,63,1010,19,0,1,,,,TRUE,FALSE,FALSE,FALSE
2014-06-06,37440,2014,6,6,Friday,2,16,58,1013,11,0,,,,,FALSE,FALSE,FALSE,FALSE
2014-06-07,29919,2014,6,7,Saturday,2,19,68,1012,13,4.06,1,,,,TRUE,FALSE,FALSE,FALSE
2014-06-08,44415,2014,6,8,Sunday,2,19,59,1018,10,0,,,,,FALSE,FALSE,FALSE,FALSE
2014-06-09,34305,2014,6,9,Monday,2,20,62,1016,11,1.02,1,,,,TRUE,FALSE,FALSE,FALSE
2014-06-10,40128,2014,6,10,Tuesday,2,18,59,1017,16,0,,,,,FALSE,FALSE,FALSE,FALSE
2014-06-11,39582,2014,6,11,Wednesday,2,17,60,1026,14,0,,,,,FALSE,FALSE,FALSE,FALSE
2014-06-12,39928,2014,6,12,Thursday,2,18,52,1028,10,0,,,,,FALSE,FALSE,FALSE,FALSE
2014-06-13,40036,2014,6,13,Friday,2,19,52,1025,10,0,,,,,FALSE,FALSE,FALSE,FALSE
2014-06-14,32758,2014,6,14,Saturday,2,18,71,1025,11,3.05,1,,1,,TRUE,FALSE,TRUE,FALSE
2014-06-15,28944,2014,6,15,Sunday,2,16,68,1028,11,0,1,,,,TRUE,FALSE,FALSE,FALSE
2014-06-16,31592,2014,6,16,Monday,2,16,66,1028,13,0,1,,,,TRUE,FALSE,FALSE,FALSE
2014-06-17,37658,2014,6,17,Tuesday,2,17,56,1027,14,0,,,,,FALSE,FALSE,FALSE,FALSE
2014-06-18,35431,2014,6,18,Wednesday,2,18,65,1026,11,0.25,1,,,,TRUE,FALSE,FALSE,FALSE
2014-06-19,36113,2014,6,19,Thursday,2,17,72,1023,8,0,,,,,FALSE,FALSE,FALSE,FALSE
2014-06-20,36924,2014,6,20,Friday,2,17,57,1022,6,0,,,,,FALSE,FALSE,FALSE,FALSE
2014-06-21,42463,2014,6,21,Saturday,3,18,53,1020,13,0,,,,,FALSE,FALSE,FALSE,FALSE
2014-06-22,41596,2014,6,22,Sunday,3,19,56,1021,10,0,,,,,FALSE,FALSE,FALSE,FALSE
2014-06-23,35206,2014,6,23,Monday,3,20,53,1022,8,0,1,,,,TRUE,FALSE,FALSE,FALSE
2014-06-24,38066,2014,6,24,Tuesday,3,19,66,1019,8,0,,1,,,FALSE,TRUE,FALSE,FALSE
2014-06-25,39623,2014,6,25,Wednesday,3,16,52,1018,13,0,,,,,FALSE,FALSE,FALSE,FALSE
2014-06-26,35438,2014,6,26,Thursday,3,17,58,1015,11,1.02,1,,,,TRUE,FALSE,FALSE,FALSE
2014-06-27,35912,2014,6,27,Friday,3,18,65,1012,16,0,1,,,,TRUE,FALSE,FALSE,FALSE
2014-06-28,20199,2014,6,28,Saturday,3,16,76,1010,10,13.97,1,,,,TRUE,FALSE,FALSE,FALSE
2014-06-29,26714,2014,6,29,Sunday,3,16,65,1013,10,0,1,,,,TRUE,FALSE,FALSE,FALSE
2014-06-30,32193,2014,6,30,Monday,3,16,70,1017,6,0.51,1,,,,TRUE,FALSE,FALSE,FALSE
2014-07-01,39495,2014,7,1,Tuesday,3,17,53,1020,11,0,,,,,FALSE,FALSE,FALSE,FALSE
2014-07-02,40878,2014,7,2,Wednesday,3,18,56,1023,8,0,,,,,FALSE,FALSE,FALSE,FALSE
2014-07-03,43116,2014,7,3,Thursday,3,20,48,1019,14,0,,,,,FALSE,FALSE,FALSE,FALSE
2014-07-04,38316,2014,7,4,Friday,3,20,61,1008,19,0.51,1,,,,TRUE,FALSE,FALSE,FALSE
2014-07-05,27332,2014,7,5,Saturday,3,19,78,1002,19,0.76,1,,,,TRUE,FALSE,FALSE,FALSE
2014-07-06,31117,2014,7,6,Sunday,3,18,63,1005,13,0.76,1,,,,TRUE,FALSE,FALSE,FALSE
2014-07-07,36191,2014,7,7,Monday,3,16,65,1015,11,0,1,,,,TRUE,FALSE,FALSE,FALSE
2014-07-08,35107,2014,7,8,Tuesday,3,16,72,1015,6,4.06,1,,1,,TRUE,FALSE,TRUE,FALSE
2014-07-09,38844,2014,7,9,Wednesday,3,18,65,1018,13,0,,,,,FALSE,FALSE,FALSE,FALSE
2014-07-10,32108,2014,7,10,Thursday,3,18,64,1017,14,0,,,,,FALSE,FALSE,FALSE,FALSE
2014-07-11,27618,2014,7,11,Friday,3,17,76,1017,8,0.51,1,,,,TRUE,FALSE,FALSE,FALSE
2014-07-12,38331,2014,7,12,Saturday,3,21,69,1014,8,0,,,,,FALSE,FALSE,FALSE,FALSE
2014-07-13,33227,2014,7,13,Sunday,3,20,70,1008,14,0,1,,,,TRUE,FALSE,FALSE,FALSE
2014-07-14,38450,2014,7,14,Monday,3,18,57,1014,14,0,,,,,FALSE,FALSE,FALSE,FALSE
2014-07-15,40888,2014,7,15,Tuesday,3,22,59,1018,14,0,1,,,,TRUE,FALSE,FALSE,FALSE
2014-07-16,42341,2014,7,16,Wednesday,3,21,60,1021,11,0,,,,,FALSE,FALSE,FALSE,FALSE
2014-07-17,42404,2014,7,17,Thursday,3,23,60,1020,10,0,1,,,,TRUE,FALSE,FALSE,FALSE
2014-07-18,40543,2014,7,18,Friday,3,24,62,1013,16,0,1,,1,,TRUE,FALSE,TRUE,FALSE
2014-07-19,37061,2014,7,19,Saturday,3,23,69,1008,10,0.51,1,,1,,TRUE,FALSE,TRUE,FALSE
2014-07-20,34379,2014,7,20,Sunday,3,22,72,1010,11,0,1,,,,TRUE,FALSE,FALSE,FALSE
2014-07-21,38499,2014,7,21,Monday,3,21,65,1018,10,0,,,,,FALSE,FALSE,FALSE,FALSE
2014-07-22,42928,2014,7,22,Tuesday,3,21,63,1022,10,0,,,,,FALSE,FALSE,FALSE,FALSE
2014-07-23,42486,2014,7,23,Wednesday,3,22,62,1020,13,0,,,,,FALSE,FALSE,FALSE,FALSE
2014-07-24,42412,2014,7,24,Thursday,3,23,53,1017,13,0,,,,,FALSE,FALSE,FALSE,FALSE
2014-07-25,31881,2014,7,25,Friday,3,22,71,1017,10,9.91,1,,1,,TRUE,FALSE,TRUE,FALSE
2014-07-26,43788,2014,7,26,Saturday,3,23,54,1016,8,0,,,,,FALSE,FALSE,FALSE,FALSE
2014-07-27,39917,2014,7,27,Sunday,3,22,52,1016,10,0,,,,,FALSE,FALSE,FALSE,FALSE
2014-07-28,36203,2014,7,28,Monday,3,19,66,1015,10,17.02,1,,1,,TRUE,FALSE,TRUE,FALSE
2014-07-29,42308,2014,7,29,Tuesday,3,21,58,1016,10,0,,,,,FALSE,FALSE,FALSE,FALSE
2014-07-30,43044,2014,7,30,Wednesday,3,20,56,1016,11,0,,,,,FALSE,FALSE,FALSE,FALSE
2014-07-31,41970,2014,7,31,Thursday,3,19,64,1014,14,0,,,,,FALSE,FALSE,FALSE,FALSE
2014-08-01,40009,2014,8,1,Friday,3,20,68,1009,13,0,1,,,,TRUE,FALSE,FALSE,FALSE
2014-08-02,38046,2014,8,2,Saturday,3,20,68,1004,14,2.03,1,,,,TRUE,FALSE,FALSE,FALSE
2014-08-03,41944,2014,8,3,Sunday,3,18,57,1009,16,0,,,,,FALSE,FALSE,FALSE,FALSE
2014-08-04,39856,2014,8,4,Monday,3,19,59,1015,11,0,,,,,FALSE,FALSE,FALSE,FALSE
2014-08-05,40716,2014,8,5,Tuesday,3,19,69,1017,13,0,1,,,,TRUE,FALSE,FALSE,FALSE
2014-08-06,38665,2014,8,6,Wednesday,3,21,70,1011,14,0,1,,,,TRUE,FALSE,FALSE,FALSE
2014-08-07,42491,2014,8,7,Thursday,3,20,61,1014,8,0,,,,,FALSE,FALSE,FALSE,FALSE
2014-08-08,34234,2014,8,8,Friday,3,19,70,1008,8,21.08,1,,,,TRUE,FALSE,FALSE,FALSE
2014-08-09,47454,2014,8,9,Saturday,3,18,67,1007,19,0,1,,,,TRUE,FALSE,FALSE,FALSE
2014-08-10,23980,2014,8,10,Sunday,3,19,74,1000,19,8.89,1,1,1,,TRUE,TRUE,TRUE,FALSE
2014-08-11,31725,2014,8,11,Monday,3,17,69,1007,26,19.05,1,,1,,TRUE,FALSE,TRUE,FALSE
2014-08-12,34827,2014,8,12,Tuesday,3,17,66,1007,21,0.51,1,,,,TRUE,FALSE,FALSE,FALSE
2014-08-13,37856,2014,8,13,Wednesday,3,17,68,1005,16,0,,,,,FALSE,FALSE,FALSE,FALSE
2014-08-14,27185,2014,8,14,Thursday,3,17,76,1009,13,6.1,1,,1,,TRUE,FALSE,TRUE,FALSE
2014-08-15,32510,2014,8,15,Friday,3,16,71,1016,10,0.25,1,,,,TRUE,FALSE,FALSE,FALSE
2014-08-16,47245,2014,8,16,Saturday,3,17,62,1020,13,0,,,,,FALSE,FALSE,FALSE,FALSE
2014-08-17,39952,2014,8,17,Sunday,3,17,63,1010,24,1.02,1,,,,TRUE,FALSE,FALSE,FALSE
2014-08-18,30784,2014,8,18,Monday,3,16,68,1009,16,0.51,1,,,,TRUE,FALSE,FALSE,FALSE
2014-08-19,35332,2014,8,19,Tuesday,3,14,60,1013,14,0.25,1,,,,TRUE,FALSE,FALSE,FALSE
2014-08-20,36817,2014,8,20,Wednesday,3,13,62,1017,10,0,,,,,FALSE,FALSE,FALSE,FALSE
2014-08-21,33236,2014,8,21,Thursday,3,12,67,1015,13,0,1,,,,TRUE,FALSE,FALSE,FALSE
2014-08-22,34047,2014,8,22,Friday,3,17,63,1011,16,0.51,1,,,,TRUE,FALSE,FALSE,FALSE
2014-08-23,29999,2014,8,23,Saturday,3,14,65,1015,11,0.25,1,,,,TRUE,FALSE,FALSE,FALSE
2014-08-24,30962,2014,8,24,Sunday,3,13,67,1019,10,0,,,,,FALSE,FALSE,FALSE,FALSE
2014-08-25,6175,2014,8,25,Monday,3,15,88,1008,10,17.02,1,,,,TRUE,FALSE,FALSE,FALSE
2014-08-26,18448,2014,8,26,Tuesday,3,14,88,1005,10,3.05,1,,,,TRUE,FALSE,FALSE,FALSE
2014-08-27,32286,2014,8,27,Wednesday,3,16,74,1014,13,0,1,,,,TRUE,FALSE,FALSE,FALSE
2014-08-28,31842,2014,8,28,Thursday,3,19,77,1011,16,0.25,1,,,,TRUE,FALSE,FALSE,FALSE
2014-08-29,32439,2014,8,29,Friday,3,18,74,1013,19,0.25,1,,,,TRUE,FALSE,FALSE,FALSE
2014-08-30,30832,2014,8,30,Saturday,3,18,67,1015,23,0.25,1,,,,TRUE,FALSE,FALSE,FALSE
2014-08-31,33312,2014,8,31,Sunday,3,17,68,1018,11,0,,,,,FALSE,FALSE,FALSE,FALSE
2014-09-01,27455,2014,9,1,Monday,3,16,89,1020,10,1.02,1,,,,TRUE,FALSE,FALSE,FALSE
2014-09-02,36836,2014,9,2,Tuesday,3,18,72,1023,8,0,,,,,FALSE,FALSE,FALSE,FALSE
2014-09-03,36523,2014,9,3,Wednesday,3,19,73,1022,10,0,,1,,,FALSE,TRUE,FALSE,FALSE
2014-09-04,35448,2014,9,4,Thursday,3,17,75,1019,8,0,,,,,FALSE,FALSE,FALSE,FALSE
2014-09-05,35013,2014,9,5,Friday,3,18,72,1016,6,0,,,,,FALSE,FALSE,FALSE,FALSE
2014-09-06,33434,2014,9,6,Saturday,3,19,73,1014,5,0,1,,,,TRUE,FALSE,FALSE,FALSE
2014-09-07,34248,2014,9,7,Sunday,3,17,71,1016,6,0,,,,,FALSE,FALSE,FALSE,FALSE
2014-09-08,36983,2014,9,8,Monday,3,16,64,1019,6,0,,,,,FALSE,FALSE,FALSE,FALSE
2014-09-09,37674,2014,9,9,Tuesday,3,17,64,1021,6,0,,,,,FALSE,FALSE,FALSE,FALSE
2014-09-10,37091,2014,9,10,Wednesday,3,16,68,1022,8,0,,,,,FALSE,FALSE,FALSE,FALSE
2014-09-11,35303,2014,9,11,Thursday,3,14,70,1022,6,0,,,,,FALSE,FALSE,FALSE,FALSE
2014-09-12,37144,2014,9,12,Friday,3,18,70,1024,11,0,,,,,FALSE,FALSE,FALSE,FALSE
2014-09-13,34174,2014,9,13,Saturday,3,17,75,1026,11,0,,,,,FALSE,FALSE,FALSE,FALSE
2014-09-14,31770,2014,9,14,Sunday,3,17,73,1023,11,0,1,,,,TRUE,FALSE,FALSE,FALSE
2014-09-15,36629,2014,9,15,Monday,3,17,74,1017,6,0,,,,,FALSE,FALSE,FALSE,FALSE
2014-09-16,37535,2014,9,16,Tuesday,3,18,77,1014,8,0,,,,,FALSE,FALSE,FALSE,FALSE
2014-09-17,38583,2014,9,17,Wednesday,3,18,78,1012,13,0,,,,,FALSE,FALSE,FALSE,FALSE
2014-09-18,38442,2014,9,18,Thursday,3,20,74,1009,11,0,,,,,FALSE,FALSE,FALSE,FALSE
2014-09-19,36841,2014,9,19,Friday,3,20,82,1011,8,0,1,,1,,TRUE,FALSE,TRUE,FALSE
2014-09-20,31031,2014,9,20,Saturday,3,17,86,1016,8,0,1,,1,,TRUE,FALSE,TRUE,FALSE
2014-09-21,33334,2014,9,21,Sunday,4,14,71,1024,11,0,1,,,,TRUE,FALSE,FALSE,FALSE
2014-09-22,35178,2014,9,22,Monday,4,13,68,1026,6,0.25,,,,,FALSE,FALSE,FALSE,FALSE
2014-09-23,36460,2014,9,23,Tuesday,4,13,70,1021,6,0,,1,,,FALSE,TRUE,FALSE,FALSE
2014-09-24,32680,2014,9,24,Wednesday,4,14,70,1014,14,0.51,1,,,,TRUE,FALSE,FALSE,FALSE
2014-09-25,35367,2014,9,25,Thursday,4,13,71,1020,13,0,,,,,FALSE,FALSE,FALSE,FALSE
2014-09-26,35474,2014,9,26,Friday,4,19,71,1023,13,0,1,,,,TRUE,FALSE,FALSE,FALSE
2014-09-27,35087,2014,9,27,Saturday,4,17,71,1026,5,0,,,,,FALSE,FALSE,FALSE,FALSE
2014-09-28,37873,2014,9,28,Sunday,4,19,72,1021,6,0,,,,,FALSE,FALSE,FALSE,FALSE
2014-09-29,31701,2014,9,29,Monday,4,16,84,1020,5,0.76,1,,,,TRUE,FALSE,FALSE,FALSE
2014-09-30,37373,2014,9,30,Tuesday,4,18,78,1023,13,0,,,,,FALSE,FALSE,FALSE,FALSE
2014-10-01,32733,2014,10,1,Wednesday,4,18,76,1025,13,0.51,1,,,,TRUE,FALSE,FALSE,FALSE
2014-10-02,36992,2014,10,2,Thursday,4,19,75,1028,8,0,,,,,FALSE,FALSE,FALSE,FALSE
2014-10-03,37909,2014,10,3,Friday,4,17,81,1022,11,0,,1,,,FALSE,TRUE,FALSE,FALSE
2014-10-04,18967,2014,10,4,Saturday,4,13,85,1014,11,9.91,1,,,,TRUE,FALSE,FALSE,FALSE
2014-10-05,33082,2014,10,5,Sunday,4,10,72,1019,6,0,,1,,,FALSE,TRUE,FALSE,FALSE
2014-10-06,24330,2014,10,6,Monday,4,10,81,1003,16,6.1,1,,,,TRUE,FALSE,FALSE,FALSE
2014-10-07,31465,2014,10,7,Tuesday,4,11,76,998,14,0.25,1,,,,TRUE,FALSE,FALSE,FALSE
2014-10-08,23573,2014,10,8,Wednesday,4,12,79,996,14,1.02,1,,,,TRUE,FALSE,FALSE,FALSE
2014-10-09,26642,2014,10,9,Thursday,4,14,77,999,21,2.03,1,,1,,TRUE,FALSE,TRUE,FALSE
2014-10-10,32510,2014,10,10,Friday,4,13,80,1009,14,3.05,1,,,,TRUE,FALSE,FALSE,FALSE
2014-10-11,30498,2014,10,11,Saturday,4,13,81,1011,10,0.51,1,,,,TRUE,FALSE,FALSE,FALSE
2014-10-12,23063,2014,10,12,Sunday,4,10,84,1010,6,2.03,1,1,,,TRUE,TRUE,FALSE,FALSE
2014-10-13,13299,2014,10,13,Monday,4,12,91,998,19,1.02,1,,,,TRUE,FALSE,FALSE,FALSE
2014-10-14,28518,2014,10,14,Tuesday,4,13,91,1004,11,0.25,1,,,,TRUE,FALSE,FALSE,FALSE
2014-10-15,25424,2014,10,15,Wednesday,4,13,90,1004,8,3.05,1,,,,TRUE,FALSE,FALSE,FALSE
2014-10-16,31541,2014,10,16,Thursday,4,14,87,1002,10,0.25,1,,,,TRUE,FALSE,FALSE,FALSE
2014-10-17,32770,2014,10,17,Friday,4,16,84,1009,13,0.51,1,,,,TRUE,FALSE,FALSE,FALSE
2014-10-18,28951,2014,10,18,Saturday,4,18,81,1011,21,0,1,,,,TRUE,FALSE,FALSE,FALSE
2014-10-19,30480,2014,10,19,Sunday,4,17,78,1013,21,0,1,,,,TRUE,FALSE,FALSE,FALSE
2014-10-20,31642,2014,10,20,Monday,4,14,76,1016,19,0.25,,,,,FALSE,FALSE,FALSE,FALSE
2014-10-21,24681,2014,10,21,Tuesday,4,11,65,1009,27,3.05,1,,,,TRUE,FALSE,FALSE,FALSE
2014-10-22,30642,2014,10,22,Wednesday,4,10,70,1024,19,0,1,,,,TRUE,FALSE,FALSE,FALSE
2014-10-23,31277,2014,10,23,Thursday,4,13,76,1020,16,0,,,,,FALSE,FALSE,FALSE,FALSE
2014-10-24,29144,2014,10,24,Friday,4,13,86,1015,14,0.25,1,,,,TRUE,FALSE,FALSE,FALSE
2014-10-25,30053,2014,10,25,Saturday,4,11,75,1018,13,0,,,,,FALSE,FALSE,FALSE,FALSE
2014-10-26,26514,2014,10,26,Sunday,4,13,67,1021,18,0,,,,,FALSE,FALSE,FALSE,FALSE
2014-10-27,33716,2014,10,27,Monday,4,16,80,1020,16,0,,,,,FALSE,FALSE,FALSE,FALSE
2014-10-28,35320,2014,10,28,Tuesday,4,14,83,1013,11,0,1,1,,,TRUE,TRUE,FALSE,FALSE
2014-10-29,23281,2014,10,29,Wednesday,4,13,92,1016,11,2.03,1,,,,TRUE,FALSE,FALSE,FALSE
2014-10-30,32503,2014,10,30,Thursday,4,16,89,1018,10,0,,,,,FALSE,FALSE,FALSE,FALSE
2014-10-31,36478,2014,10,31,Friday,4,17,78,1016,8,0,,,,,FALSE,FALSE,FALSE,FALSE
2014-11-01,31912,2014,11,1,Saturday,4,16,74,1014,18,0.25,1,,,,TRUE,FALSE,FALSE,FALSE
2014-11-02,15887,2014,11,2,Sunday,4,13,82,1005,23,11.94,1,,,,TRUE,FALSE,FALSE,FALSE
2014-11-03,22347,2014,11,3,Monday,4,8,84,992,14,5.08,1,,,,TRUE,FALSE,FALSE,FALSE
2014-11-04,23525,2014,11,4,Tuesday,4,8,86,993,6,11.94,1,1,1,1,TRUE,TRUE,TRUE,TRUE
2014-11-05,27970,2014,11,5,Wednesday,4,7,83,1005,8,0,1,,,,TRUE,FALSE,FALSE,FALSE
2014-11-06,28274,2014,11,6,Thursday,4,6,82,1006,11,0.25,1,1,,,TRUE,TRUE,FALSE,FALSE
2014-11-07,26779,2014,11,7,Friday,4,10,80,994,23,5.08,1,,,,TRUE,FALSE,FALSE,FALSE
2014-11-08,17473,2014,11,8,Saturday,4,11,84,1001,18,2.03,1,,,,TRUE,FALSE,FALSE,FALSE
2014-11-09,24099,2014,11,9,Sunday,4,10,83,1003,6,0,,1,,,FALSE,TRUE,FALSE,FALSE
2014-11-10,28303,2014,11,10,Monday,4,9,83,1003,13,0,1,,,,TRUE,FALSE,FALSE,FALSE
2014-11-11,28993,2014,11,11,Tuesday,4,11,80,996,21,0.25,1,,,,TRUE,FALSE,FALSE,FALSE
2014-11-12,24878,2014,11,12,Wednesday,4,12,84,997,16,3.05,1,,,,TRUE,FALSE,FALSE,FALSE
2014-11-13,27839,2014,11,13,Thursday,4,11,87,1003,16,0.25,1,,,,TRUE,FALSE,FALSE,FALSE
2014-11-14,21442,2014,11,14,Friday,4,11,81,999,18,9.91,1,,,,TRUE,FALSE,FALSE,FALSE
2014-11-15,22842,2014,11,15,Saturday,4,9,91,999,8,2.03,1,,,,TRUE,FALSE,FALSE,FALSE
2014-11-16,17849,2014,11,16,Sunday,4,9,92,999,8,0.25,1,,,,TRUE,FALSE,FALSE,FALSE
2014-11-17,21398,2014,11,17,Monday,4,9,89,1001,13,2.03,1,,,,TRUE,FALSE,FALSE,FALSE
2014-11-18,26094,2014,11,18,Tuesday,4,10,86,1010,8,0.25,1,,,,TRUE,FALSE,FALSE,FALSE
2014-11-19,28807,2014,11,19,Wednesday,4,9,88,1019,10,0,,,,,FALSE,FALSE,FALSE,FALSE
2014-11-20,29068,2014,11,20,Thursday,4,8,87,1024,8,0,,,,,FALSE,FALSE,FALSE,FALSE
2014-11-21,24070,2014,11,21,Friday,4,7,91,1018,10,1.02,1,,,,TRUE,FALSE,FALSE,FALSE
2014-11-22,18347,2014,11,22,Saturday,4,11,94,1013,10,0.51,1,,,,TRUE,FALSE,FALSE,FALSE
2014-11-23,6030,2014,11,23,Sunday,4,7,91,1017,8,13.97,1,,,,TRUE,FALSE,FALSE,FALSE
2014-11-24,25884,2014,11,24,Monday,4,4,90,1026,5,0.25,,1,,,FALSE,TRUE,FALSE,FALSE
2014-11-25,24359,2014,11,25,Tuesday,4,4,90,1022,6,2.03,1,1,,,TRUE,TRUE,FALSE,FALSE
2014-11-26,23096,2014,11,26,Wednesday,4,9,96,1011,5,2.03,1,,,,TRUE,FALSE,FALSE,FALSE
2014-11-27,26765,2014,11,27,Thursday,4,9,91,1003,6,0,1,,,,TRUE,FALSE,FALSE,FALSE
2014-11-28,26782,2014,11,28,Friday,4,10,88,1003,13,0.51,1,,,,TRUE,FALSE,FALSE,FALSE
2014-11-29,24337,2014,11,29,Saturday,4,10,86,1010,8,0,1,,,,TRUE,FALSE,FALSE,FALSE
2014-11-30,19998,2014,11,30,Sunday,4,8,87,1014,6,0,1,1,,,TRUE,TRUE,FALSE,FALSE
2014-12-01,24983,2014,12,1,Monday,4,7,80,1014,13,0,1,,,,TRUE,FALSE,FALSE,FALSE
2014-12-02,21614,2014,12,2,Tuesday,4,7,80,1018,13,1.02,1,,,,TRUE,FALSE,FALSE,FALSE
2014-12-03,25376,2014,12,3,Wednesday,4,6,78,1023,16,0.51,1,,,,TRUE,FALSE,FALSE,FALSE
2014-12-04,19993,2014,12,4,Thursday,4,4,87,1016,10,4.06,1,,,,TRUE,FALSE,FALSE,FALSE
2014-12-05,22939,2014,12,5,Friday,4,4,87,1020,6,0,1,,,,TRUE,FALSE,FALSE,FALSE
2014-12-06,17431,2014,12,6,Saturday,4,2,85,1027,8,0.25,,,,,FALSE,FALSE,FALSE,FALSE
2014-12-07,12789,2014,12,7,Sunday,4,7,79,1019,16,0.51,1,,,,TRUE,FALSE,FALSE,FALSE
2014-12-08,23519,2014,12,8,Monday,4,4,76,1020,13,0,1,,,,TRUE,FALSE,FALSE,FALSE
2014-12-09,23925,2014,12,9,Tuesday,4,6,86,1024,14,0.25,1,,,,TRUE,FALSE,FALSE,FALSE
2014-12-10,25028,2014,12,10,Wednesday,4,7,70,1015,27,0,1,,,,TRUE,FALSE,FALSE,FALSE
2014-12-11,23028,2014,12,11,Thursday,4,8,72,1009,31,0.25,1,,,,TRUE,FALSE,FALSE,FALSE
2014-12-12,20436,2014,12,12,Friday,4,6,79,997,26,1.02,1,,,,TRUE,FALSE,FALSE,FALSE
2014-12-13,18255,2014,12,13,Saturday,4,3,83,1011,8,0,,,,,FALSE,FALSE,FALSE,FALSE
2014-12-14,14441,2014,12,14,Sunday,4,4,84,1012,14,0.25,1,,,,TRUE,FALSE,FALSE,FALSE
2014-12-15,22940,2014,12,15,Monday,4,7,85,1012,16,0,1,,,,TRUE,FALSE,FALSE,FALSE
2014-12-16,23087,2014,12,16,Tuesday,4,4,90,1014,10,3.05,1,1,,,TRUE,TRUE,FALSE,FALSE
2014-12-17,22120,2014,12,17,Wednesday,4,9,90,1006,21,0.25,1,,,,TRUE,FALSE,FALSE,FALSE
2014-12-18,23196,2014,12,18,Thursday,4,12,85,1010,29,0,,,,,FALSE,FALSE,FALSE,FALSE
2014-12-19,21966,2014,12,19,Friday,4,9,75,1015,26,0.51,1,,,,TRUE,FALSE,FALSE,FALSE
2014-12-20,14690,2014,12,20,Saturday,4,7,75,1027,19,0,1,,,,TRUE,FALSE,FALSE,FALSE
2014-12-21,11802,2014,12,21,Sunday,4,8,80,1026,23,0,1,,,,TRUE,FALSE,FALSE,FALSE
2014-12-22,18552,2014,12,22,Monday,1,12,77,1018,32,0,1,,,,TRUE,FALSE,FALSE,FALSE
2014-12-23,16551,2014,12,23,Tuesday,1,11,72,1016,32,0,1,,,,TRUE,FALSE,FALSE,FALSE
2014-12-24,10385,2014,12,24,Wednesday,1,8,71,1017,26,0.25,1,,,,TRUE,FALSE,FALSE,FALSE
2014-12-25,39145,2014,12,25,Thursday,1,6,79,1029,16,0,,,,,FALSE,FALSE,FALSE,FALSE
2014-12-26,7678,2014,12,26,Friday,1,4,91,1023,10,4.06,1,,,,TRUE,FALSE,FALSE,FALSE
2014-12-27,6349,2014,12,27,Saturday,1,3,83,1008,26,0,1,,,,TRUE,FALSE,FALSE,FALSE
2014-12-28,9293,2014,12,28,Sunday,1,2,76,1030,11,0,,,,,FALSE,FALSE,FALSE,FALSE
2014-12-29,12411,2014,12,29,Monday,1,1,87,1041,8,0.25,,,,,FALSE,FALSE,FALSE,FALSE
2014-12-30,13120,2014,12,30,Tuesday,1,1,90,1039,6,0.25,,,,,FALSE,FALSE,FALSE,FALSE
2014-12-31,12811,2014,12,31,Wednesday,1,2,89,1034,8,0.25,,1,,,FALSE,TRUE,FALSE,FALSE
2015-01-01,9615,2015,1,1,Thursday,1,8,88,1027,21,0.51,1,,,,TRUE,FALSE,FALSE,FALSE
2015-01-02,15389,2015,1,2,Friday,1,7,70,1029,24,0,1,,,,TRUE,FALSE,FALSE,FALSE
2015-01-03,5779,2015,1,3,Saturday,1,4,91,1024,10,7.11,1,,,,TRUE,FALSE,FALSE,FALSE
2015-01-04,9367,2015,1,4,Sunday,1,1,97,1035,6,0,,1,,,FALSE,TRUE,FALSE,FALSE
2015-01-05,20566,2015,1,5,Monday,1,6,86,1029,10,0.25,,,,,FALSE,FALSE,FALSE,FALSE
2015-01-06,20765,2015,1,6,Tuesday,1,6,83,1021,14,1.02,1,,,,TRUE,FALSE,FALSE,FALSE
2015-01-07,22504,2015,1,7,Wednesday,1,6,84,1023,14,0.25,1,,,,TRUE,FALSE,FALSE,FALSE
2015-01-08,15769,2015,1,8,Thursday,1,9,82,1021,23,11.94,1,,,,TRUE,FALSE,FALSE,FALSE
2015-01-09,22285,2015,1,9,Friday,1,11,79,1018,32,0,1,,,,TRUE,FALSE,FALSE,FALSE
2015-01-10,14877,2015,1,10,Saturday,1,9,69,1015,35,0.76,1,,,,TRUE,FALSE,FALSE,FALSE
2015-01-11,14738,2015,1,11,Sunday,1,6,71,1022,24,0.51,1,,,,TRUE,FALSE,FALSE,FALSE
2015-01-12,17354,2015,1,12,Monday,1,9,82,1010,29,3.05,1,,,,TRUE,FALSE,FALSE,FALSE
2015-01-13,24966,2015,1,13,Tuesday,1,6,82,1002,24,2.03,1,,1,,TRUE,FALSE,TRUE,FALSE
2015-01-14,23767,2015,1,14,Wednesday,1,6,74,1004,26,2.03,1,,,,TRUE,FALSE,FALSE,FALSE
2015-01-15,23123,2015,1,15,Thursday,1,7,71,991,34,0.51,1,,,,TRUE,FALSE,FALSE,FALSE
2015-01-16,22894,2015,1,16,Friday,1,4,73,1005,19,0.25,1,,,,TRUE,FALSE,FALSE,FALSE
2015-01-17,15443,2015,1,17,Saturday,1,2,80,1012,13,0.25,1,,,,TRUE,FALSE,FALSE,FALSE
2015-01-18,13373,2015,1,18,Sunday,1,1,87,1012,6,0,1,,,,TRUE,FALSE,FALSE,FALSE
2015-01-19,23193,2015,1,19,Monday,1,2,79,1014,6,0,,,,,FALSE,FALSE,FALSE,FALSE
2015-01-20,23384,2015,1,20,Tuesday,1,-1,83,1010,6,0.25,1,1,,,TRUE,TRUE,FALSE,FALSE
2015-01-21,22987,2015,1,21,Wednesday,1,3,88,1008,18,0.25,1,,,,TRUE,FALSE,FALSE,FALSE
2015-01-22,23432,2015,1,22,Thursday,1,1,81,1020,6,0,,,,,FALSE,FALSE,FALSE,FALSE
2015-01-23,22093,2015,1,23,Friday,1,-1,87,1024,8,1.02,1,1,,,TRUE,TRUE,FALSE,FALSE
2015-01-24,17748,2015,1,24,Saturday,1,4,75,1026,16,0,1,,,,TRUE,FALSE,FALSE,FALSE
2015-01-25,15267,2015,1,25,Sunday,1,3,81,1030,11,0.25,,,,,FALSE,FALSE,FALSE,FALSE
2015-01-26,22867,2015,1,26,Monday,1,7,77,1024,16,0.25,1,,,,TRUE,FALSE,FALSE,FALSE
2015-01-27,25222,2015,1,27,Tuesday,1,6,77,1026,13,0,,,,,FALSE,FALSE,FALSE,FALSE
2015-01-28,21685,2015,1,28,Wednesday,1,7,73,1006,27,1.02,1,,,,TRUE,FALSE,FALSE,FALSE
2015-01-29,21421,2015,1,29,Thursday,1,4,80,985,26,1.02,1,,,,TRUE,FALSE,FALSE,FALSE
2015-01-30,21405,2015,1,30,Friday,1,3,79,979,18,0.25,1,,,,TRUE,FALSE,FALSE,FALSE
2015-01-31,10385,2015,1,31,Saturday,1,2,80,985,16,3.05,1,,,1,TRUE,FALSE,FALSE,TRUE
2015-02-01,11420,2015,2,1,Sunday,1,3,66,1000,21,0,1,,,1,TRUE,FALSE,FALSE,TRUE
2015-02-02,21770,2015,2,2,Monday,1,-1,72,1006,10,0,,,,,FALSE,FALSE,FALSE,FALSE
2015-02-03,20028,2015,2,3,Tuesday,1,1,88,1008,10,0,1,1,,1,TRUE,TRUE,FALSE,TRUE
2015-02-04,22056,2015,2,4,Wednesday,1,2,79,1020,11,0,1,,,,TRUE,FALSE,FALSE,FALSE
2015-02-05,21396,2015,2,5,Thursday,1,3,80,1026,13,0.25,1,,,1,TRUE,FALSE,FALSE,TRUE
2015-02-06,21146,2015,2,6,Friday,1,2,68,1031,16,0,,,,,FALSE,FALSE,FALSE,FALSE
2015-02-07,13324,2015,2,7,Saturday,1,2,86,1036,11,0.25,1,,,,TRUE,FALSE,FALSE,FALSE
2015-02-08,15983,2015,2,8,Sunday,1,6,76,1038,8,0,,,,,FALSE,FALSE,FALSE,FALSE
2015-02-09,24078,2015,2,9,Monday,1,4,80,1034,8,0,,,,,FALSE,FALSE,FALSE,FALSE
2015-02-10,24399,2015,2,10,Tuesday,1,6,79,1032,5,0,,,,,FALSE,FALSE,FALSE,FALSE
2015-02-11,23870,2015,2,11,Wednesday,1,4,74,1025,10,0,,,,,FALSE,FALSE,FALSE,FALSE
2015-02-12,23429,2015,2,12,Thursday,1,3,71,1020,6,0,,,,,FALSE,FALSE,FALSE,FALSE
2015-02-13,17836,2015,2,13,Friday,1,5,86,1003,18,2.03,1,,,,TRUE,FALSE,FALSE,FALSE
2015-02-14,14644,2015,2,14,Saturday,1,6,88,1002,11,0.25,1,,,,TRUE,FALSE,FALSE,FALSE
2015-02-15,17253,2015,2,15,Sunday,1,6,84,1013,8,0,1,,,,TRUE,FALSE,FALSE,FALSE
2015-02-16,16548,2015,2,16,Monday,1,4,91,1016,8,5.08,1,1,,,TRUE,TRUE,FALSE,FALSE
2015-02-17,25288,2015,2,17,Tuesday,1,6,69,1036,11,0,,,,,FALSE,FALSE,FALSE,FALSE
2015-02-18,25340,2015,2,18,Wednesday,1,6,72,1037,11,0,,,,,FALSE,FALSE,FALSE,FALSE
2015-02-19,17081,2015,2,19,Thursday,1,6,85,1021,18,2.03,1,,,,TRUE,FALSE,FALSE,FALSE
2015-02-20,21014,2015,2,20,Friday,1,4,83,1006,10,0.25,1,,,,TRUE,FALSE,FALSE,FALSE
2015-02-21,16490,2015,2,21,Saturday,1,4,78,1002,13,1.02,1,,,,TRUE,FALSE,FALSE,FALSE
2015-02-22,9214,2015,2,22,Sunday,1,4,88,1003,16,6.1,1,,,,TRUE,FALSE,FALSE,FALSE
2015-02-23,21857,2015,2,23,Monday,1,6,70,992,26,1.02,1,,,,TRUE,FALSE,FALSE,FALSE
2015-02-24,23758,2015,2,24,Tuesday,1,7,67,1005,26,0,1,,,,TRUE,FALSE,FALSE,FALSE
2015-02-25,21708,2015,2,25,Wednesday,1,8,81,1015,11,1.02,1,,,,TRUE,FALSE,FALSE,FALSE
2015-02-26,20131,2015,2,26,Thursday,1,7,84,1013,14,4.06,1,,,,TRUE,FALSE,FALSE,FALSE
2015-02-27,24540,2015,2,27,Friday,1,4,69,1019,13,0,,,,,FALSE,FALSE,FALSE,FALSE
2015-02-28,13677,2015,2,28,Saturday,1,8,86,1008,21,2.03,1,,,,TRUE,FALSE,FALSE,FALSE
2015-03-01,15817,2015,3,1,Sunday,1,8,68,1000,31,3.05,1,,1,,TRUE,FALSE,TRUE,FALSE
2015-03-02,22379,2015,3,2,Monday,1,6,64,1008,26,0,1,,,,TRUE,FALSE,FALSE,FALSE
2015-03-03,24001,2015,3,3,Tuesday,1,6,65,1016,19,0,1,,,,TRUE,FALSE,FALSE,FALSE
2015-03-04,24544,2015,3,4,Wednesday,1,6,64,1030,19,0,,,,,FALSE,FALSE,FALSE,FALSE
2015-03-05,24959,2015,3,5,Thursday,1,6,69,1039,11,0,,,,,FALSE,FALSE,FALSE,FALSE
2015-03-06,25527,2015,3,6,Friday,1,9,64,1034,18,0,,,,,FALSE,FALSE,FALSE,FALSE
2015-03-07,27754,2015,3,7,Saturday,1,11,68,1025,18,0,,,,,FALSE,FALSE,FALSE,FALSE
2015-03-08,20207,2015,3,8,Sunday,1,9,79,1023,16,0,1,,,,TRUE,FALSE,FALSE,FALSE
2015-03-09,24230,2015,3,9,Monday,1,6,87,1025,11,0.25,1,,,,TRUE,FALSE,FALSE,FALSE
2015-03-10,27878,2015,3,10,Tuesday,1,8,65,1030,10,0,,,,,FALSE,FALSE,FALSE,FALSE
2015-03-11,27610,2015,3,11,Wednesday,1,8,72,1029,13,0,1,,,,TRUE,FALSE,FALSE,FALSE
2015-03-12,28324,2015,3,12,Thursday,1,10,52,1025,13,0,,,,,FALSE,FALSE,FALSE,FALSE
2015-03-13,25840,2015,3,13,Friday,1,8,54,1023,13,0,,,,,FALSE,FALSE,FALSE,FALSE
2015-03-14,18270,2015,3,14,Saturday,1,6,63,1030,16,0,1,,,,TRUE,FALSE,FALSE,FALSE
2015-03-15,10744,2015,3,15,Sunday,1,6,78,1028,14,0,1,,,,TRUE,FALSE,FALSE,FALSE
2015-03-16,19950,2015,3,16,Monday,1,6,83,1023,11,0.51,1,,,,TRUE,FALSE,FALSE,FALSE
2015-03-17,25956,2015,3,17,Tuesday,1,8,83,1025,8,0,1,,,,TRUE,FALSE,FALSE,FALSE
2015-03-18,26618,2015,3,18,Wednesday,1,7,77,1032,10,0,,,,,FALSE,FALSE,FALSE,FALSE
2015-03-19,24241,2015,3,19,Thursday,1,7,79,1033,13,0,,,,,FALSE,FALSE,FALSE,FALSE
2015-03-20,25424,2015,3,20,Friday,1,8,74,1027,10,0,,,,,FALSE,FALSE,FALSE,FALSE
2015-03-21,16304,2015,3,21,Saturday,2,7,70,1026,11,0,,,,,FALSE,FALSE,FALSE,FALSE
2015-03-22,18782,2015,3,22,Sunday,2,6,64,1026,13,0,,,,,FALSE,FALSE,FALSE,FALSE
2015-03-23,25741,2015,3,23,Monday,2,7,69,1016,11,2.03,1,,,,TRUE,FALSE,FALSE,FALSE
2015-03-24,24161,2015,3,24,Tuesday,2,7,70,1010,8,0.25,1,,,,TRUE,FALSE,FALSE,FALSE
2015-03-25,25779,2015,3,25,Wednesday,2,5,69,1011,8,0,,,,,FALSE,FALSE,FALSE,FALSE
2015-03-26,20415,2015,3,26,Thursday,2,8,72,1006,16,5.08,1,,,,TRUE,FALSE,FALSE,FALSE
2015-03-27,26567,2015,3,27,Friday,2,7,63,1020,13,0,,,,,FALSE,FALSE,FALSE,FALSE
2015-03-28,19242,2015,3,28,Saturday,2,10,80,1011,21,0,1,,,,TRUE,FALSE,FALSE,FALSE
2015-03-29,8987,2015,3,29,Sunday,2,11,79,1000,32,4.06,1,,,,TRUE,FALSE,FALSE,FALSE
2015-03-30,22235,2015,3,30,Monday,2,8,67,1007,23,0.51,1,,,,TRUE,FALSE,FALSE,FALSE
2015-03-31,22898,2015,3,31,Tuesday,2,10,56,1007,40,0,1,,,,TRUE,FALSE,FALSE,FALSE
2015-04-01,23677,2015,4,1,Wednesday,2,8,62,1022,26,0.51,1,,,,TRUE,FALSE,FALSE,FALSE
2015-04-02,22818,2015,4,2,Thursday,2,9,70,1020,18,0,1,,,,TRUE,FALSE,FALSE,FALSE
2015-04-03,11503,2015,4,3,Friday,2,9,90,1016,11,2.03,1,,,,TRUE,FALSE,FALSE,FALSE
2015-04-04,13828,2015,4,4,Saturday,2,8,77,1022,10,0,1,,,,TRUE,FALSE,FALSE,FALSE
2015-04-05,19685,2015,4,5,Sunday,2,9,70,1027,6,0,1,,,,TRUE,FALSE,FALSE,FALSE
2015-04-06,25724,2015,4,6,Monday,2,9,74,1032,8,0,,,,,FALSE,FALSE,FALSE,FALSE
2015-04-07,29525,2015,4,7,Tuesday,2,11,65,1036,6,0,,,,,FALSE,FALSE,FALSE,FALSE
2015-04-08,30882,2015,4,8,Wednesday,2,12,67,1032,6,0,,,,,FALSE,FALSE,FALSE,FALSE
2015-04-09,31671,2015,4,9,Thursday,2,11,70,1027,8,0,,1,,,FALSE,TRUE,FALSE,FALSE
2015-04-10,32299,2015,4,10,Friday,2,13,60,1018,10,0,1,,,,TRUE,FALSE,FALSE,FALSE
2015-04-11,25415,2015,4,11,Saturday,2,10,58,1018,19,0.51,1,,,,TRUE,FALSE,FALSE,FALSE
2015-04-12,29457,2015,4,12,Sunday,2,11,60,1026,18,0,1,,,,TRUE,FALSE,FALSE,FALSE
2015-04-13,28203,2015,4,13,Monday,2,12,67,1030,10,0,1,,,,TRUE,FALSE,FALSE,FALSE
2015-04-14,34830,2015,4,14,Tuesday,2,14,66,1025,14,0.25,,1,,,FALSE,TRUE,FALSE,FALSE
2015-04-15,37709,2015,4,15,Wednesday,2,17,51,1017,10,0,,,,,FALSE,FALSE,FALSE,FALSE
2015-04-16,30656,2015,4,16,Thursday,2,13,61,1015,13,0,1,,,,TRUE,FALSE,FALSE,FALSE
2015-04-17,30001,2015,4,17,Friday,2,12,55,1020,18,0,1,,,,TRUE,FALSE,FALSE,FALSE
2015-04-18,29846,2015,4,18,Saturday,2,10,58,1027,19,0,,,,,FALSE,FALSE,FALSE,FALSE
2015-04-19,19906,2015,4,19,Sunday,2,8,63,1025,13,0,,,,,FALSE,FALSE,FALSE,FALSE
2015-04-20,32163,2015,4,20,Monday,2,11,60,1029,11,0,,,,,FALSE,FALSE,FALSE,FALSE
2015-04-21,35103,2015,4,21,Tuesday,2,12,54,1034,11,0,,,,,FALSE,FALSE,FALSE,FALSE
2015-04-22,32559,2015,4,22,Wednesday,2,11,62,1030,14,0,,,,,FALSE,FALSE,FALSE,FALSE
2015-04-23,32935,2015,4,23,Thursday,2,12,66,1020,10,0,,,,,FALSE,FALSE,FALSE,FALSE
2015-04-24,32332,2015,4,24,Friday,2,12,72,1011,13,0.51,1,,,,TRUE,FALSE,FALSE,FALSE
2015-04-25,25441,2015,4,25,Saturday,2,14,77,1006,18,1.02,1,,,,TRUE,FALSE,FALSE,FALSE
2015-04-26,19565,2015,4,26,Sunday,2,9,77,1008,10,0,1,,,,TRUE,FALSE,FALSE,FALSE
2015-04-27,30735,2015,4,27,Monday,2,8,51,1011,10,0,1,,,,TRUE,FALSE,FALSE,FALSE
2015-04-28,32024,2015,4,28,Tuesday,2,9,56,1016,19,0,,,,,FALSE,FALSE,FALSE,FALSE
2015-04-29,26197,2015,4,29,Wednesday,2,10,66,1013,19,2.03,1,,,,TRUE,FALSE,FALSE,FALSE
2015-04-30,31854,2015,4,30,Thursday,2,10,56,1011,16,0,,,,,FALSE,FALSE,FALSE,FALSE
2015-05-01,29822,2015,5,1,Friday,2,9,60,1010,16,0,,,,,FALSE,FALSE,FALSE,FALSE
2015-05-02,22474,2015,5,2,Saturday,2,11,68,1009,14,0.76,1,,,,TRUE,FALSE,FALSE,FALSE
2015-05-03,21375,2015,5,3,Sunday,2,14,81,998,21,1.02,1,,,,TRUE,FALSE,FALSE,FALSE
2015-05-04,26933,2015,5,4,Monday,2,15,68,1002,19,0.25,1,,,,TRUE,FALSE,FALSE,FALSE
2015-05-05,26633,2015,5,5,Tuesday,2,14,70,995,27,0,1,,,,TRUE,FALSE,FALSE,FALSE
2015-05-06,24556,2015,5,6,Wednesday,2,11,72,1004,31,4.06,1,,,,TRUE,FALSE,FALSE,FALSE
2015-05-07,31283,2015,5,7,Thursday,2,13,62,1015,21,0,1,,,,TRUE,FALSE,FALSE,FALSE
2015-05-08,27029,2015,5,8,Friday,2,12,70,1013,10,0.25,1,,,,TRUE,FALSE,FALSE,FALSE
2015-05-09,27995,2015,5,9,Saturday,2,14,60,1016,26,0,1,,,,TRUE,FALSE,FALSE,FALSE
2015-05-10,32399,2015,5,10,Sunday,2,13,68,1023,13,0,,,,,FALSE,FALSE,FALSE,FALSE
2015-05-11,33872,2015,5,11,Monday,2,16,67,1018,14,0,,,,,FALSE,FALSE,FALSE,FALSE
2015-05-12,33930,2015,5,12,Tuesday,2,14,55,1019,18,0.25,1,,,,TRUE,FALSE,FALSE,FALSE
2015-05-13,36877,2015,5,13,Wednesday,2,13,53,1019,10,0,,,,,FALSE,FALSE,FALSE,FALSE
2015-05-14,15657,2015,5,14,Thursday,2,9,85,1013,18,11.94,1,,,,TRUE,FALSE,FALSE,FALSE
2015-05-15,32522,2015,5,15,Friday,2,11,72,1021,13,0,1,,,,TRUE,FALSE,FALSE,FALSE
2015-05-16,32720,2015,5,16,Saturday,2,14,58,1024,16,0,1,,,,TRUE,FALSE,FALSE,FALSE
2015-05-17,31506,2015,5,17,Sunday,2,12,60,1025,14,0,,,,,FALSE,FALSE,FALSE,FALSE
2015-05-18,24385,2015,5,18,Monday,2,12,68,1007,23,1.02,1,,,,TRUE,FALSE,FALSE,FALSE
2015-05-19,28408,2015,5,19,Tuesday,2,11,66,1005,24,2.03,1,,1,,TRUE,FALSE,TRUE,FALSE
2015-05-20,30650,2015,5,20,Wednesday,2,10,64,1016,14,0,1,,,,TRUE,FALSE,FALSE,FALSE
2015-05-21,34922,2015,5,21,Thursday,2,12,54,1026,11,0,,,,,FALSE,FALSE,FALSE,FALSE
2015-05-22,33624,2015,5,22,Friday,2,13,71,1025,13,0,1,,,,TRUE,FALSE,FALSE,FALSE
2015-05-23,23989,2015,5,23,Saturday,2,14,66,1024,11,0,1,,,,TRUE,FALSE,FALSE,FALSE
2015-05-24,30267,2015,5,24,Sunday,2,16,65,1020,13,0.25,1,,,,TRUE,FALSE,FALSE,FALSE
2015-05-25,29607,2015,5,25,Monday,2,13,57,1020,11,0,,,,,FALSE,FALSE,FALSE,FALSE
2015-05-26,34880,2015,5,26,Tuesday,2,14,59,1023,11,0,1,,,,TRUE,FALSE,FALSE,FALSE
2015-05-27,36496,2015,5,27,Wednesday,2,13,58,1023,13,0,1,,,,TRUE,FALSE,FALSE,FALSE
2015-05-28,34496,2015,5,28,Thursday,2,14,50,1014,23,0,,,,,FALSE,FALSE,FALSE,FALSE
2015-05-29,26155,2015,5,29,Friday,2,12,67,1009,18,3.05,1,,,,TRUE,FALSE,FALSE,FALSE
2015-05-30,29432,2015,5,30,Saturday,2,12,59,1013,14,0,,,,,FALSE,FALSE,FALSE,FALSE
2015-05-31,15075,2015,5,31,Sunday,2,13,75,1008,21,0.51,1,,,,TRUE,FALSE,FALSE,FALSE
2015-06-01,27893,2015,6,1,Monday,2,12,62,1012,21,0.25,1,,,,TRUE,FALSE,FALSE,FALSE
2015-06-02,28070,2015,6,2,Tuesday,2,16,79,1005,34,0,1,,,,TRUE,FALSE,FALSE,FALSE
2015-06-03,35630,2015,6,3,Wednesday,2,16,53,1021,19,0,,,,,FALSE,FALSE,FALSE,FALSE
2015-06-04,39687,2015,6,4,Thursday,2,16,51,1024,8,0,,,,,FALSE,FALSE,FALSE,FALSE
2015-06-05,35048,2015,6,5,Friday,2,18,65,1016,14,0.25,1,,,,TRUE,FALSE,FALSE,FALSE
2015-06-06,33088,2015,6,6,Saturday,2,14,52,1024,21,0,,,,,FALSE,FALSE,FALSE,FALSE
2015-06-07,35757,2015,6,7,Sunday,2,13,51,1031,11,0,,,,,FALSE,FALSE,FALSE,FALSE
2015-06-08,32745,2015,6,8,Monday,2,14,54,1033,10,0,1,,,,TRUE,FALSE,FALSE,FALSE
2015-06-09,33447,2015,6,9,Tuesday,2,11,57,1033,16,0,,,,,FALSE,FALSE,FALSE,FALSE
2015-06-10,35862,2015,6,10,Wednesday,2,14,51,1028,18,0,,,,,FALSE,FALSE,FALSE,FALSE
2015-06-11,38969,2015,6,11,Thursday,2,17,55,1019,18,0,,,,,FALSE,FALSE,FALSE,FALSE
2015-06-12,35367,2015,6,12,Friday,2,19,65,1009,10,0,1,,,,TRUE,FALSE,FALSE,FALSE
2015-06-13,30566,2015,6,13,Saturday,2,17,80,1009,16,0,1,,,,TRUE,FALSE,FALSE,FALSE
2015-06-14,25402,2015,6,14,Sunday,2,14,76,1013,11,0.25,1,,,,TRUE,FALSE,FALSE,FALSE
2015-06-15,34723,2015,6,15,Monday,2,16,58,1022,14,0,1,,,,TRUE,FALSE,FALSE,FALSE
2015-06-16,38166,2015,6,16,Tuesday,2,17,55,1025,10,0,,,,,FALSE,FALSE,FALSE,FALSE
2015-06-17,38799,2015,6,17,Wednesday,2,19,67,1023,18,0,,,,,FALSE,FALSE,FALSE,FALSE
2015-06-18,38875,2015,6,18,Thursday,2,18,55,1021,14,0,1,,,,TRUE,FALSE,FALSE,FALSE
2015-06-19,36220,2015,6,19,Friday,2,17,53,1022,11,0,,,,,FALSE,FALSE,FALSE,FALSE
2015-06-20,26546,2015,6,20,Saturday,2,17,74,1021,10,3.05,1,,,,TRUE,FALSE,FALSE,FALSE
2015-06-21,30621,2015,6,21,Sunday,3,18,62,1016,21,0.25,1,,,,TRUE,FALSE,FALSE,FALSE
2015-06-22,29711,2015,6,22,Monday,3,14,69,1011,18,0.25,1,,,,TRUE,FALSE,FALSE,FALSE
2015-06-23,37663,2015,6,23,Tuesday,3,17,58,1017,10,0,,,,,FALSE,FALSE,FALSE,FALSE
2015-06-24,39183,2015,6,24,Wednesday,3,18,57,1020,13,0,,,,,FALSE,FALSE,FALSE,FALSE
2015-06-25,38856,2015,6,25,Thursday,3,18,56,1021,11,0,,,,,FALSE,FALSE,FALSE,FALSE
2015-06-26,37281,2015,6,26,Friday,3,20,58,1017,14,0,,,,,FALSE,FALSE,FALSE,FALSE
2015-06-27,36885,2015,6,27,Saturday,3,18,56,1019,16,0,,,,,FALSE,FALSE,FALSE,FALSE
2015-06-28,25846,2015,6,28,Sunday,3,18,67,1019,14,2.03,1,,,,TRUE,FALSE,FALSE,FALSE
2015-06-29,39280,2015,6,29,Monday,3,19,55,1022,11,0,,,,,FALSE,FALSE,FALSE,FALSE
2015-06-30,43582,2015,6,30,Tuesday,3,22,44,1019,11,0,1,,,,TRUE,FALSE,FALSE,FALSE
2015-07-01,42891,2015,7,1,Wednesday,3,29,40,1012,16,0,1,,,,TRUE,FALSE,FALSE,FALSE
2015-07-02,38467,2015,7,2,Thursday,3,21,67,1018,14,0,1,,,,TRUE,FALSE,FALSE,FALSE
2015-07-03,39940,2015,7,3,Friday,3,20,56,1023,10,8.89,1,,,,TRUE,FALSE,FALSE,FALSE
2015-07-04,38640,2015,7,4,Saturday,3,22,67,1017,14,0,1,,1,,TRUE,FALSE,TRUE,FALSE
2015-07-05,29963,2015,7,5,Sunday,3,19,61,1017,13,0,1,,,,TRUE,FALSE,FALSE,FALSE
2015-07-06,38895,2015,7,6,Monday,3,18,60,1018,16,0,1,,,,TRUE,FALSE,FALSE,FALSE
2015-07-07,38120,2015,7,7,Tuesday,3,19,59,1009,18,0,1,,,,TRUE,FALSE,FALSE,FALSE
2015-07-08,41921,2015,7,8,Wednesday,3,17,62,1011,23,0.51,1,,,,TRUE,FALSE,FALSE,FALSE
2015-07-09,73094,2015,7,9,Thursday,3,17,44,1022,11,0,,,,,FALSE,FALSE,FALSE,FALSE
2015-07-10,43266,2015,7,10,Friday,3,20,45,1020,11,0,,,,,FALSE,FALSE,FALSE,FALSE
2015-07-11,42676,2015,7,11,Saturday,3,20,49,1016,13,0,1,,,,TRUE,FALSE,FALSE,FALSE
2015-07-12,23498,2015,7,12,Sunday,3,19,80,1017,19,3.05,1,,,,TRUE,FALSE,FALSE,FALSE
2015-07-13,27646,2015,7,13,Monday,3,18,86,1015,16,2.03,1,,,,TRUE,FALSE,FALSE,FALSE
2015-07-14,35600,2015,7,14,Tuesday,3,20,78,1017,18,2.03,1,,,,TRUE,FALSE,FALSE,FALSE
2015-07-15,34878,2015,7,15,Wednesday,3,19,76,1018,11,0,1,,,,TRUE,FALSE,FALSE,FALSE
2015-07-16,39609,2015,7,16,Thursday,3,20,65,1016,13,7.11,1,,1,,TRUE,FALSE,TRUE,FALSE
2015-07-17,38845,2015,7,17,Friday,3,20,67,1011,16,0.25,1,,,,TRUE,FALSE,FALSE,FALSE
2015-07-18,38906,2015,7,18,Saturday,3,18,55,1016,16,0,1,,,,TRUE,FALSE,FALSE,FALSE
2015-07-19,36989,2015,7,19,Sunday,3,19,51,1011,14,0,1,,,,TRUE,FALSE,FALSE,FALSE
2015-07-20,32140,2015,7,20,Monday,3,19,81,1010,11,0.25,1,,,,TRUE,FALSE,FALSE,FALSE
2015-07-21,41001,2015,7,21,Tuesday,3,19,61,1012,19,0,,,,,FALSE,FALSE,FALSE,FALSE
2015-07-22,38133,2015,7,22,Wednesday,3,19,63,1015,14,0.51,1,,,,TRUE,FALSE,FALSE,FALSE
2015-07-23,39368,2015,7,23,Thursday,3,17,58,1017,13,0,,,,,FALSE,FALSE,FALSE,FALSE
2015-07-24,16135,2015,7,24,Friday,3,15,77,1010,8,28.96,1,,,,TRUE,FALSE,FALSE,FALSE
2015-07-25,32982,2015,7,25,Saturday,3,17,61,1012,16,0,1,,,,TRUE,FALSE,FALSE,FALSE
2015-07-26,12497,2015,7,26,Sunday,3,14,83,1006,14,7.11,1,,,,TRUE,FALSE,FALSE,FALSE
2015-07-27,32103,2015,7,27,Monday,3,17,70,1000,27,0,1,,,,TRUE,FALSE,FALSE,FALSE
2015-07-28,36310,2015,7,28,Tuesday,3,17,60,1006,27,0,1,,,,TRUE,FALSE,FALSE,FALSE
2015-07-29,37021,2015,7,29,Wednesday,3,14,65,1011,18,0.25,1,,,,TRUE,FALSE,FALSE,FALSE
2015-07-30,36350,2015,7,30,Thursday,3,15,56,1018,11,0,1,,,,TRUE,FALSE,FALSE,FALSE
2015-07-31,36932,2015,7,31,Friday,3,16,54,1018,6,0,,,,,FALSE,FALSE,FALSE,FALSE
2015-08-01,43492,2015,8,1,Saturday,3,15,59,1016,11,0,1,,,,TRUE,FALSE,FALSE,FALSE
2015-08-02,43679,2015,8,2,Sunday,3,19,60,1016,11,0,,,,,FALSE,FALSE,FALSE,FALSE
2015-08-03,35609,2015,8,3,Monday,3,20,64,1011,18,0,1,,,,TRUE,FALSE,FALSE,FALSE
2015-08-04,37864,2015,8,4,Tuesday,3,18,59,1013,21,0,,,,,FALSE,FALSE,FALSE,FALSE
2015-08-05,39010,2015,8,5,Wednesday,3,18,70,1013,13,3.05,1,,,,TRUE,FALSE,FALSE,FALSE
2015-08-06,63963,2015,8,6,Thursday,3,19,69,1013,14,0,1,,,,TRUE,FALSE,FALSE,FALSE
2015-08-07,39788,2015,8,7,Friday,3,18,55,1017,8,0,,,,,FALSE,FALSE,FALSE,FALSE
2015-08-08,39362,2015,8,8,Saturday,3,20,62,1023,10,0,,,,,FALSE,FALSE,FALSE,FALSE
2015-08-09,40758,2015,8,9,Sunday,3,19,57,1020,11,0,,,,,FALSE,FALSE,FALSE,FALSE
2015-08-10,35625,2015,8,10,Monday,3,19,77,1017,14,0,1,,,,TRUE,FALSE,FALSE,FALSE
2015-08-11,34567,2015,8,11,Tuesday,3,18,67,1020,8,0.51,1,,,,TRUE,FALSE,FALSE,FALSE
2015-08-12,36838,2015,8,12,Wednesday,3,19,67,1023,11,0.51,1,,,,TRUE,FALSE,FALSE,FALSE
2015-08-13,26185,2015,8,13,Thursday,3,18,85,1015,14,7.11,1,,,,TRUE,FALSE,FALSE,FALSE
2015-08-14,25638,2015,8,14,Friday,3,18,89,1006,10,0.76,1,1,,,TRUE,TRUE,FALSE,FALSE
2015-08-15,34137,2015,8,15,Saturday,3,17,61,1012,10,0,1,,,,TRUE,FALSE,FALSE,FALSE
2015-08-16,30948,2015,8,16,Sunday,3,16,60,1017,6,0,,,,,FALSE,FALSE,FALSE,FALSE
2015-08-17,36003,2015,8,17,Monday,3,17,56,1017,6,0,,,,,FALSE,FALSE,FALSE,FALSE
2015-08-18,34776,2015,8,18,Tuesday,3,17,63,1015,13,0.25,1,,,,TRUE,FALSE,FALSE,FALSE
2015-08-19,31903,2015,8,19,Wednesday,3,17,77,1017,13,2.03,1,,,,TRUE,FALSE,FALSE,FALSE
2015-08-20,32857,2015,8,20,Thursday,3,18,86,1019,14,0,1,,,,TRUE,FALSE,FALSE,FALSE
2015-08-21,36329,2015,8,21,Friday,3,22,70,1020,18,0,,,,,FALSE,FALSE,FALSE,FALSE
2015-08-22,44724,2015,8,22,Saturday,3,23,63,1014,10,0,,,,,FALSE,FALSE,FALSE,FALSE
2015-08-23,27202,2015,8,23,Sunday,3,18,66,1003,16,3.05,1,,,,TRUE,FALSE,FALSE,FALSE
2015-08-24,17520,2015,8,24,Monday,3,14,91,1000,10,11.94,1,,,,TRUE,FALSE,FALSE,FALSE
2015-08-25,28401,2015,8,25,Tuesday,3,15,85,1008,19,5.08,1,,,,TRUE,FALSE,FALSE,FALSE
2015-08-26,23969,2015,8,26,Wednesday,3,17,85,1004,21,48.01,1,,1,,TRUE,FALSE,TRUE,FALSE
2015-08-27,30856,2015,8,27,Thursday,3,17,79,1007,16,4.06,1,,,,TRUE,FALSE,FALSE,FALSE
2015-08-28,33201,2015,8,28,Friday,3,16,70,1016,14,0,1,1,,,TRUE,TRUE,FALSE,FALSE
2015-08-29,22828,2015,8,29,Saturday,3,18,77,1020,10,0.25,1,,,,TRUE,FALSE,FALSE,FALSE
2015-08-30,25191,2015,8,30,Sunday,3,18,81,1017,8,0.76,1,,,,TRUE,FALSE,FALSE,FALSE
2015-08-31,9709,2015,8,31,Monday,3,14,91,1014,10,10.92,1,,,,TRUE,FALSE,FALSE,FALSE
2015-09-01,25739,2015,9,1,Tuesday,3,16,77,1017,8,0.51,1,,,,TRUE,FALSE,FALSE,FALSE
2015-09-02,30313,2015,9,2,Wednesday,3,14,74,1017,8,0,1,,,,TRUE,FALSE,FALSE,FALSE
2015-09-03,31163,2015,9,3,Thursday,3,13,71,1016,11,0,1,,,,TRUE,FALSE,FALSE,FALSE
2015-09-04,29913,2015,9,4,Friday,3,13,67,1017,10,0,1,,,,TRUE,FALSE,FALSE,FALSE
2015-09-05,22475,2015,9,5,Saturday,3,12,73,1022,10,0,1,,,,TRUE,FALSE,FALSE,FALSE
2015-09-06,29539,2015,9,6,Sunday,3,12,66,1028,6,0,,,,,FALSE,FALSE,FALSE,FALSE
2015-09-07,31917,2015,9,7,Monday,3,13,73,1030,8,0,,1,,,FALSE,TRUE,FALSE,FALSE
2015-09-08,32968,2015,9,8,Tuesday,3,13,73,1028,8,0,,,,,FALSE,FALSE,FALSE,FALSE
2015-09-09,33332,2015,9,9,Wednesday,3,16,72,1023,13,0.51,1,,,,TRUE,FALSE,FALSE,FALSE
2015-09-10,35956,2015,9,10,Thursday,3,17,70,1020,13,0,,,,,FALSE,FALSE,FALSE,FALSE
2015-09-11,34690,2015,9,11,Friday,3,17,65,1014,13,0.25,1,,,,TRUE,FALSE,FALSE,FALSE
2015-09-12,29143,2015,9,12,Saturday,3,17,66,1008,18,0.25,1,,,,TRUE,FALSE,FALSE,FALSE
2015-09-13,26342,2015,9,13,Sunday,3,15,73,1006,10,0,1,,,,TRUE,FALSE,FALSE,FALSE
2015-09-14,25923,2015,9,14,Monday,3,16,81,995,16,1.02,1,,,,TRUE,FALSE,FALSE,FALSE
2015-09-15,28311,2015,9,15,Tuesday,3,14,78,996,21,0.25,1,,,,TRUE,FALSE,FALSE,FALSE
2015-09-16,18764,2015,9,16,Wednesday,3,13,90,989,11,16,1,,,,TRUE,FALSE,FALSE,FALSE
2015-09-17,32336,2015,9,17,Thursday,3,13,75,999,14,0.25,1,,,,TRUE,FALSE,FALSE,FALSE
2015-09-18,30124,2015,9,18,Friday,3,16,81,1011,10,9.91,1,,,,TRUE,FALSE,FALSE,FALSE
2015-09-19,33855,2015,9,19,Saturday,3,15,74,1024,6,0,,,,,FALSE,FALSE,FALSE,FALSE
2015-09-20,31380,2015,9,20,Sunday,3,14,78,1025,8,0,,1,,,FALSE,TRUE,FALSE,FALSE
2015-09-21,23831,2015,9,21,Monday,4,12,89,1012,13,3.05,1,,,,TRUE,FALSE,FALSE,FALSE
2015-09-22,20567,2015,9,22,Tuesday,4,12,86,1002,10,0.51,1,,,,TRUE,FALSE,FALSE,FALSE
2015-09-23,34193,2015,9,23,Wednesday,4,12,74,1011,16,0,,,,,FALSE,FALSE,FALSE,FALSE
2015-09-24,29537,2015,9,24,Thursday,4,14,75,1014,19,1.02,1,,,,TRUE,FALSE,FALSE,FALSE
2015-09-25,35064,2015,9,25,Friday,4,13,67,1023,10,0,,,,,FALSE,FALSE,FALSE,FALSE
2015-09-26,32955,2015,9,26,Saturday,4,12,69,1029,5,0.25,,,,,FALSE,FALSE,FALSE,FALSE
2015-09-27,30024,2015,9,27,Sunday,4,13,71,1033,10,0,1,,,,TRUE,FALSE,FALSE,FALSE
2015-09-28,33341,2015,9,28,Monday,4,13,74,1036,11,0,,,,,FALSE,FALSE,FALSE,FALSE
2015-09-29,34591,2015,9,29,Tuesday,4,14,70,1035,11,0,,,,,FALSE,FALSE,FALSE,FALSE
2015-09-30,35143,2015,9,30,Wednesday,4,14,66,1033,14,0,,,,,FALSE,FALSE,FALSE,FALSE
2015-10-01,34845,2015,10,1,Thursday,4,13,69,1031,13,0,,,,,FALSE,FALSE,FALSE,FALSE
2015-10-02,35782,2015,10,2,Friday,4,13,73,1025,8,0,,,,,FALSE,FALSE,FALSE,FALSE
2015-10-03,29224,2015,10,3,Saturday,4,12,81,1015,6,0,,,,,FALSE,FALSE,FALSE,FALSE
2015-10-04,30096,2015,10,4,Sunday,4,12,75,1014,8,0,,,,,FALSE,FALSE,FALSE,FALSE
2015-10-05,20833,2015,10,5,Monday,4,14,92,1004,16,5.08,1,,,,TRUE,FALSE,FALSE,FALSE
2015-10-06,25972,2015,10,6,Tuesday,4,17,90,997,14,1.02,1,,,,TRUE,FALSE,FALSE,FALSE
2015-10-07,28817,2015,10,7,Wednesday,4,13,86,1008,18,0,1,,,,TRUE,FALSE,FALSE,FALSE
2015-10-08,33877,2015,10,8,Thursday,4,11,75,1021,10,0,,,,,FALSE,FALSE,FALSE,FALSE
2015-10-09,34392,2015,10,9,Friday,4,12,77,1023,5,0,,1,,,FALSE,TRUE,FALSE,FALSE
2015-10-10,29683,2015,10,10,Saturday,4,12,82,1020,8,0,,,,,FALSE,FALSE,FALSE,FALSE
2015-10-11,27984,2015,10,11,Sunday,4,12,73,1017,10,0,,,,,FALSE,FALSE,FALSE,FALSE
2015-10-12,31469,2015,10,12,Monday,4,11,69,1019,8,0,,,,,FALSE,FALSE,FALSE,FALSE
2015-10-13,31753,2015,10,13,Tuesday,4,10,71,1023,11,0,1,,,,TRUE,FALSE,FALSE,FALSE
2015-10-14,30815,2015,10,14,Wednesday,4,9,78,1023,11,0.51,1,,,,TRUE,FALSE,FALSE,FALSE
2015-10-15,31062,2015,10,15,Thursday,4,11,79,1021,11,0,1,,,,TRUE,FALSE,FALSE,FALSE
2015-10-16,30295,2015,10,16,Friday,4,12,79,1022,16,0,1,,,,TRUE,FALSE,FALSE,FALSE
2015-10-17,24555,2015,10,17,Saturday,4,11,76,1020,13,0,1,,,,TRUE,FALSE,FALSE,FALSE
2015-10-18,23282,2015,10,18,Sunday,4,13,83,1021,10,0.51,1,,,,TRUE,FALSE,FALSE,FALSE
2015-10-19,30127,2015,10,19,Monday,4,11,83,1025,8,0,1,,,,TRUE,FALSE,FALSE,FALSE
2015-10-20,32949,2015,10,20,Tuesday,4,12,76,1026,6,0.25,,,,,FALSE,FALSE,FALSE,FALSE
2015-10-21,19085,2015,10,21,Wednesday,4,12,92,1018,11,4.06,1,,,,TRUE,FALSE,FALSE,FALSE
2015-10-22,30539,2015,10,22,Thursday,4,13,71,1017,16,0.25,1,,,,TRUE,FALSE,FALSE,FALSE
2015-10-23,30515,2015,10,23,Friday,4,12,73,1021,6,0,,,,,FALSE,FALSE,FALSE,FALSE
2015-10-24,17058,2015,10,24,Saturday,4,10,82,1015,11,3.05,1,,,,TRUE,FALSE,FALSE,FALSE
2015-10-25,23591,2015,10,25,Sunday,4,7,82,1025,8,0.25,,,,,FALSE,FALSE,FALSE,FALSE
2015-10-26,30606,2015,10,26,Monday,4,11,86,1014,13,0,,,,,FALSE,FALSE,FALSE,FALSE
2015-10-27,32635,2015,10,27,Tuesday,4,14,86,1009,11,0,,1,,,FALSE,TRUE,FALSE,FALSE
2015-10-28,24040,2015,10,28,Wednesday,4,13,87,1007,11,3.05,1,,,,TRUE,FALSE,FALSE,FALSE
2015-10-29,27534,2015,10,29,Thursday,4,12,92,1012,14,0.25,1,,,,TRUE,FALSE,FALSE,FALSE
2015-10-30,24195,2015,10,30,Friday,4,13,87,1018,14,3.05,1,,,,TRUE,FALSE,FALSE,FALSE
2015-10-31,27765,2015,10,31,Saturday,4,13,86,1022,8,0,,1,,,FALSE,TRUE,FALSE,FALSE
2015-11-01,23085,2015,11,1,Sunday,4,9,97,1028,3,0.25,,1,,,FALSE,TRUE,FALSE,FALSE
2015-11-02,28256,2015,11,2,Monday,4,11,98,1024,5,0.25,,1,,,FALSE,TRUE,FALSE,FALSE
2015-11-03,30911,2015,11,3,Tuesday,4,11,91,1015,10,0.25,1,,,,TRUE,FALSE,FALSE,FALSE
2015-11-04,23675,2015,11,4,Wednesday,4,12,93,1014,8,0.51,1,,,,TRUE,FALSE,FALSE,FALSE
2015-11-05,24685,2015,11,5,Thursday,4,13,93,1012,14,2.03,1,,,,TRUE,FALSE,FALSE,FALSE
2015-11-06,25677,2015,11,6,Friday,4,16,92,1015,18,1.02,1,,,,TRUE,FALSE,FALSE,FALSE
2015-11-07,15031,2015,11,7,Saturday,4,13,89,1019,19,7.87,1,,,,TRUE,FALSE,FALSE,FALSE
2015-11-08,18943,2015,11,8,Sunday,4,12,91,1020,14,0.51,1,,,,TRUE,FALSE,FALSE,FALSE
2015-11-09,28623,2015,11,9,Monday,4,12,78,1021,26,0,1,,,,TRUE,FALSE,FALSE,FALSE
2015-11-10,29429,2015,11,10,Tuesday,4,15,86,1022,24,0,1,,,,TRUE,FALSE,FALSE,FALSE
2015-11-11,30049,2015,11,11,Wednesday,4,14,75,1021,19,0,1,,,,TRUE,FALSE,FALSE,FALSE
2015-11-12,29108,2015,11,12,Thursday,4,13,86,1020,16,0.25,1,,,,TRUE,FALSE,FALSE,FALSE
2015-11-13,25410,2015,11,13,Friday,4,10,70,1021,27,1.02,1,1,,,TRUE,TRUE,FALSE,FALSE
2015-11-14,8983,2015,11,14,Saturday,4,11,85,1021,23,7.11,1,,,,TRUE,FALSE,FALSE,FALSE
2015-11-15,17711,2015,11,15,Sunday,4,14,75,1012,35,0,1,,,,TRUE,FALSE,FALSE,FALSE
2015-11-16,26676,2015,11,16,Monday,4,13,77,1009,26,1.02,1,,,,TRUE,FALSE,FALSE,FALSE
2015-11-17,23773,2015,11,17,Tuesday,4,13,80,1004,26,4.06,1,,,,TRUE,FALSE,FALSE,FALSE
2015-11-18,26636,2015,11,18,Wednesday,4,13,73,1011,35,0.51,1,,,,TRUE,FALSE,FALSE,FALSE
2015-11-19,23852,2015,11,19,Thursday,4,10,85,1013,24,2.03,1,,,,TRUE,FALSE,FALSE,FALSE
2015-11-20,25993,2015,11,20,Friday,4,7,78,1008,14,0.25,1,,,,TRUE,FALSE,FALSE,FALSE
2015-11-21,12847,2015,11,21,Saturday,4,3,67,1007,21,2.03,1,,,1,TRUE,FALSE,FALSE,TRUE
2015-11-22,13205,2015,11,22,Sunday,4,2,80,1015,6,0,,,,,FALSE,FALSE,FALSE,FALSE
2015-11-23,24070,2015,11,23,Monday,4,3,80,1024,8,0.25,1,,,,TRUE,FALSE,FALSE,FALSE
2015-11-24,21348,2015,11,24,Tuesday,4,8,88,1012,16,0.76,1,,,,TRUE,FALSE,FALSE,FALSE
2015-11-25,26187,2015,11,25,Wednesday,4,8,83,1012,13,0,1,,,,TRUE,FALSE,FALSE,FALSE
2015-11-26,26826,2015,11,26,Thursday,4,9,90,1020,8,0,1,,,,TRUE,FALSE,FALSE,FALSE
2015-11-27,23667,2015,11,27,Friday,4,10,89,1011,16,1.02,1,,,,TRUE,FALSE,FALSE,FALSE
2015-11-28,16523,2015,11,28,Saturday,4,7,73,1011,23,0,1,,,,TRUE,FALSE,FALSE,FALSE
2015-11-29,11453,2015,11,29,Sunday,4,11,77,1009,32,1.02,1,,,,TRUE,FALSE,FALSE,FALSE
2015-11-30,21886,2015,11,30,Monday,4,11,82,1015,26,0.76,1,,,,TRUE,FALSE,FALSE,FALSE
2015-12-01,26714,2015,12,1,Tuesday,4,11,77,1022,23,0,1,,,,TRUE,FALSE,FALSE,FALSE
2015-12-02,27975,2015,12,2,Wednesday,4,12,73,1023,21,0,1,,,,TRUE,FALSE,FALSE,FALSE
2015-12-03,26038,2015,12,3,Thursday,4,12,81,1019,23,2.03,1,,,,TRUE,FALSE,FALSE,FALSE
2015-12-04,26130,2015,12,4,Friday,4,9,75,1025,23,0,1,,,,TRUE,FALSE,FALSE,FALSE
2015-12-05,16667,2015,12,5,Saturday,4,12,67,1019,37,0,,,,,FALSE,FALSE,FALSE,FALSE
2015-12-06,15627,2015,12,6,Sunday,4,13,84,1017,26,0.25,1,,,,TRUE,FALSE,FALSE,FALSE
2015-12-07,25897,2015,12,7,Monday,4,12,89,1024,16,0,1,,,,TRUE,FALSE,FALSE,FALSE
2015-12-08,23565,2015,12,8,Tuesday,4,10,80,1022,21,1.02,1,,,,TRUE,FALSE,FALSE,FALSE
2015-12-09,27739,2015,12,9,Wednesday,4,8,78,1032,16,0,1,,,,TRUE,FALSE,FALSE,FALSE
2015-12-10,23251,2015,12,10,Thursday,4,11,79,1024,24,4.06,1,,,,TRUE,FALSE,FALSE,FALSE
2015-12-11,23439,2015,12,11,Friday,4,8,82,1022,18,0.25,1,,,,TRUE,FALSE,FALSE,FALSE
2015-12-12,16815,2015,12,12,Saturday,4,9,79,1018,18,0,1,,,,TRUE,FALSE,FALSE,FALSE
2015-12-13,12364,2015,12,13,Sunday,4,8,94,1018,13,0.51,1,,,,TRUE,FALSE,FALSE,FALSE
2015-12-14,23972,2015,12,14,Monday,4,8,88,1016,11,0.25,1,,,,TRUE,FALSE,FALSE,FALSE
2015-12-15,20310,2015,12,15,Tuesday,4,11,96,1016,11,3.05,1,,,,TRUE,FALSE,FALSE,FALSE
2015-12-16,25740,2015,12,16,Wednesday,4,13,87,1018,19,0,1,,,,TRUE,FALSE,FALSE,FALSE
2015-12-17,25977,2015,12,17,Thursday,4,13,80,1016,18,0,1,,,,TRUE,FALSE,FALSE,FALSE
2015-12-18,25886,2015,12,18,Friday,4,12,85,1018,16,0,1,,,,TRUE,FALSE,FALSE,FALSE
2015-12-19,18883,2015,12,19,Saturday,4,14,79,1012,23,0,1,,,,TRUE,FALSE,FALSE,FALSE
2015-12-20,13118,2015,12,20,Sunday,4,10,78,1010,24,1.02,1,,,,TRUE,FALSE,FALSE,FALSE
2015-12-21,18239,2015,12,21,Monday,4,10,84,1014,21,1.02,1,,,,TRUE,FALSE,FALSE,FALSE
2015-12-22,17571,2015,12,22,Tuesday,1,12,86,1013,27,4.06,1,,,,TRUE,FALSE,FALSE,FALSE
2015-12-23,18568,2015,12,23,Wednesday,1,11,73,1019,24,0,1,,,,TRUE,FALSE,FALSE,FALSE
2015-12-24,8968,2015,12,24,Thursday,1,9,73,1013,27,2.03,1,,,,TRUE,FALSE,FALSE,FALSE
2015-12-25,22871,2015,12,25,Friday,1,10,86,1020,16,1.02,1,,,,TRUE,FALSE,FALSE,FALSE
2015-12-26,10362,2015,12,26,Saturday,1,14,76,1018,34,0,1,,,,TRUE,FALSE,FALSE,FALSE
2015-12-27,9507,2015,12,27,Sunday,1,12,86,1020,27,0.25,1,,,,TRUE,FALSE,FALSE,FALSE
2015-12-28,13851,2015,12,28,Monday,1,11,77,1016,16,0.25,1,,,,TRUE,FALSE,FALSE,FALSE
2015-12-29,15717,2015,12,29,Tuesday,1,10,82,1018,19,0,1,,,,TRUE,FALSE,FALSE,FALSE
2015-12-30,12379,2015,12,30,Wednesday,1,12,74,1010,32,0.51,1,,,,TRUE,FALSE,FALSE,FALSE
2015-12-31,14024,2015,12,31,Thursday,1,8,74,1012,24,2.03,1,,,,TRUE,FALSE,FALSE,FALSE
2016-01-01,9922,2016,1,1,Friday,1,4,88,1016,13,1.02,1,,,,TRUE,FALSE,FALSE,FALSE
2016-01-02,7246,2016,1,2,Saturday,1,9,93,998,24,6.1,1,,,,TRUE,FALSE,FALSE,FALSE
2016-01-03,4894,2016,1,3,Sunday,1,7,89,991,21,7.11,1,,,,TRUE,FALSE,FALSE,FALSE
2016-01-04,20644,2016,1,4,Monday,1,8,89,983,13,0.25,1,,,,TRUE,FALSE,FALSE,FALSE
2016-01-05,22934,2016,1,5,Tuesday,1,8,92,985,13,0,1,1,,,TRUE,TRUE,FALSE,FALSE
2016-01-06,23199,2016,1,6,Wednesday,1,6,94,994,5,0.25,1,1,,,TRUE,TRUE,FALSE,FALSE
2016-01-07,18225,2016,1,7,Thursday,1,7,80,989,23,6.1,1,,,,TRUE,FALSE,FALSE,FALSE
2016-01-08,20948,2016,1,8,Friday,1,4,87,999,13,0.25,1,,,,TRUE,FALSE,FALSE,FALSE
2016-01-09,11674,2016,1,9,Saturday,1,8,87,990,18,7.11,1,,,,TRUE,FALSE,FALSE,FALSE
2016-01-10,14447,2016,1,10,Sunday,1,7,82,985,19,2.03,1,,,,TRUE,FALSE,FALSE,FALSE
2016-01-11,21188,2016,1,11,Monday,1,6,91,983,13,1.02,1,,,,TRUE,FALSE,FALSE,FALSE
2016-01-12,22924,2016,1,12,Tuesday,1,6,81,998,23,0.25,1,,,,TRUE,FALSE,FALSE,FALSE
2016-01-13,24726,2016,1,13,Wednesday,1,4,78,1013,19,2.03,1,,,,TRUE,FALSE,FALSE,FALSE
2016-01-14,22266,2016,1,14,Thursday,1,3,75,1007,19,0.25,1,,,,TRUE,FALSE,FALSE,FALSE
2016-01-15,22594,2016,1,15,Friday,1,3,74,1020,16,0,,,,,FALSE,FALSE,FALSE,FALSE
2016-01-16,16258,2016,1,16,Saturday,1,2,79,1029,10,0.51,1,,,1,TRUE,FALSE,FALSE,TRUE
2016-01-17,11826,2016,1,17,Sunday,1,2,88,1025,11,2.03,1,,,1,TRUE,FALSE,FALSE,TRUE
2016-01-18,22905,2016,1,18,Monday,1,2,78,1015,16,0,1,,,,TRUE,FALSE,FALSE,FALSE
2016-01-19,23919,2016,1,19,Tuesday,1,1,69,1017,3,0,,,,,FALSE,FALSE,FALSE,FALSE
2016-01-20,23919,2016,1,20,Wednesday,1,1,82,1020,5,0,,,,,FALSE,FALSE,FALSE,FALSE
2016-01-21,23490,2016,1,21,Thursday,1,2,81,1021,11,0,,,,,FALSE,FALSE,FALSE,FALSE
2016-01-22,18431,2016,1,22,Friday,1,7,85,1017,18,3.05,1,,,,TRUE,FALSE,FALSE,FALSE
2016-01-23,17424,2016,1,23,Saturday,1,8,91,1029,13,1.02,1,1,,,TRUE,TRUE,FALSE,FALSE
2016-01-24,16474,2016,1,24,Sunday,1,11,92,1026,16,0,1,,,,TRUE,FALSE,FALSE,FALSE
2016-01-25,25886,2016,1,25,Monday,1,11,79,1020,18,0,,,,,FALSE,FALSE,FALSE,FALSE
2016-01-26,20329,2016,1,26,Tuesday,1,8,87,1016,23,3.05,1,,,,TRUE,FALSE,FALSE,FALSE
2016-01-27,21816,2016,1,27,Wednesday,1,10,86,1009,32,2.03,1,,,,TRUE,FALSE,FALSE,FALSE
2016-01-28,25490,2016,1,28,Thursday,1,6,73,1023,18,0,,,,,FALSE,FALSE,FALSE,FALSE
2016-01-29,22701,2016,1,29,Friday,1,10,82,1017,34,0.51,1,,,,TRUE,FALSE,FALSE,FALSE
2016-01-30,16528,2016,1,30,Saturday,1,7,71,1010,27,0,1,,,,TRUE,FALSE,FALSE,FALSE
2016-01-31,11098,2016,1,31,Sunday,1,9,84,1009,18,1.02,1,,,,TRUE,FALSE,FALSE,FALSE
2016-02-01,23742,2016,2,1,Monday,1,12,71,1015,32,0,1,,,,TRUE,FALSE,FALSE,FALSE
2016-02-02,24643,2016,2,2,Tuesday,1,8,65,1015,29,0.25,1,,,,TRUE,FALSE,FALSE,FALSE
2016-02-03,24601,2016,2,3,Wednesday,1,6,72,1022,18,0,1,,,,TRUE,FALSE,FALSE,FALSE
2016-02-04,25344,2016,2,4,Thursday,1,8,80,1025,19,0,1,,,,TRUE,FALSE,FALSE,FALSE
2016-02-05,22806,2016,2,5,Friday,1,10,83,1018,21,0.25,1,,,,TRUE,FALSE,FALSE,FALSE
2016-02-06,13255,2016,2,6,Saturday,1,9,83,998,29,0.25,1,,,,TRUE,FALSE,FALSE,FALSE
2016-02-07,14219,2016,2,7,Sunday,1,8,77,992,23,0.25,1,,,,TRUE,FALSE,FALSE,FALSE
2016-02-08,19924,2016,2,8,Monday,1,8,70,987,39,2.03,1,,,,TRUE,FALSE,FALSE,FALSE
2016-02-09,23460,2016,2,9,Tuesday,1,5,74,988,19,0.51,1,,,,TRUE,FALSE,FALSE,FALSE
2016-02-10,23769,2016,2,10,Wednesday,1,5,77,997,18,0.51,1,,,,TRUE,FALSE,FALSE,FALSE
2016-02-11,25393,2016,2,11,Thursday,1,4,79,1004,5,0.25,,,,,FALSE,FALSE,FALSE,FALSE
2016-02-12,22995,2016,2,12,Friday,1,3,85,995,10,0,,,,,FALSE,FALSE,FALSE,FALSE
2016-02-13,9948,2016,2,13,Saturday,1,3,87,987,14,2.03,1,,,,TRUE,FALSE,FALSE,FALSE
2016-02-14,13782,2016,2,14,Sunday,1,3,74,997,11,0,1,,,,TRUE,FALSE,FALSE,FALSE
2016-02-15,21918,2016,2,15,Monday,1,3,71,1025,11,0,,,,,FALSE,FALSE,FALSE,FALSE
2016-02-16,24537,2016,2,16,Tuesday,1,2,76,1033,8,0,,,,,FALSE,FALSE,FALSE,FALSE
2016-02-17,19168,2016,2,17,Wednesday,1,3,79,1016,13,3.05,1,,,,TRUE,FALSE,FALSE,FALSE
2016-02-18,23696,2016,2,18,Thursday,1,5,73,1014,11,0.25,1,,,,TRUE,FALSE,FALSE,FALSE
2016-02-19,22300,2016,2,19,Friday,1,4,83,1015,13,0.25,1,,,,TRUE,FALSE,FALSE,FALSE
2016-02-20,11224,2016,2,20,Saturday,1,10,83,1009,27,2.03,1,,,,TRUE,FALSE,FALSE,FALSE
2016-02-21,14745,2016,2,21,Sunday,1,13,81,1010,32,0,1,,,,TRUE,FALSE,FALSE,FALSE
2016-02-22,20538,2016,2,22,Monday,1,7,73,1009,19,0.76,1,,,,TRUE,FALSE,FALSE,FALSE
2016-02-23,25832,2016,2,23,Tuesday,1,6,67,1017,10,0,1,,,,TRUE,FALSE,FALSE,FALSE
2016-02-24,25634,2016,2,24,Wednesday,1,3,65,1018,3,0,,,,,FALSE,FALSE,FALSE,FALSE
2016-02-25,24296,2016,2,25,Thursday,1,2,68,1017,6,0,,,,,FALSE,FALSE,FALSE,FALSE
2016-02-26,23714,2016,2,26,Friday,1,4,63,1010,8,0,,,,,FALSE,FALSE,FALSE,FALSE
2016-02-27,14871,2016,2,27,Saturday,1,4,59,1011,13,0,,,,,FALSE,FALSE,FALSE,FALSE
2016-02-28,13549,2016,2,28,Sunday,1,5,60,1021,16,0,,,,,FALSE,FALSE,FALSE,FALSE
2016-02-29,23738,2016,2,29,Monday,1,4,65,1026,8,0,1,,,,TRUE,FALSE,FALSE,FALSE
2016-03-01,20876,2016,3,1,Tuesday,1,8,84,1011,24,4.06,1,,,,TRUE,FALSE,FALSE,FALSE
2016-03-02,20775,2016,3,2,Wednesday,1,6,75,999,27,3.05,1,,1,,TRUE,FALSE,TRUE,FALSE
2016-03-03,24559,2016,3,3,Thursday,1,6,70,1003,23,0.51,1,,,,TRUE,FALSE,FALSE,FALSE
2016-03-04,24179,2016,3,4,Friday,1,4,71,991,19,0,1,,,,TRUE,FALSE,FALSE,FALSE
2016-03-05,12340,2016,3,5,Saturday,1,3,82,1000,8,0.51,1,,,1,TRUE,FALSE,FALSE,TRUE
2016-03-06,12591,2016,3,6,Sunday,1,3,72,1006,11,0,1,,,,TRUE,FALSE,FALSE,FALSE
2016-03-07,22785,2016,3,7,Monday,1,4,60,1010,11,0,,,,,FALSE,FALSE,FALSE,FALSE
2016-03-08,23308,2016,3,8,Tuesday,1,3,75,1013,11,0.25,1,,,,TRUE,FALSE,FALSE,FALSE
2016-03-09,19280,2016,3,9,Wednesday,1,8,88,996,18,8.89,1,,,,TRUE,FALSE,FALSE,FALSE
2016-03-10,23648,2016,3,10,Thursday,1,7,86,1019,8,0.25,1,,,,TRUE,FALSE,FALSE,FALSE
2016-03-11,21026,2016,3,11,Friday,1,6,82,1028,5,0,,1,,,FALSE,TRUE,FALSE,FALSE
2016-03-12,21834,2016,3,12,Saturday,1,7,80,1031,5,0,,1,,,FALSE,TRUE,FALSE,FALSE
2016-03-13,21938,2016,3,13,Sunday,1,7,77,1034,10,0,,1,,,FALSE,TRUE,FALSE,FALSE
2016-03-14,25597,2016,3,14,Monday,1,8,60,1032,19,0,,,,,FALSE,FALSE,FALSE,FALSE
2016-03-15,25379,2016,3,15,Tuesday,1,6,83,1030,10,0,,,,,FALSE,FALSE,FALSE,FALSE
2016-03-16,25489,2016,3,16,Wednesday,1,8,69,1029,16,0,1,,,,TRUE,FALSE,FALSE,FALSE
2016-03-17,27198,2016,3,17,Thursday,1,7,68,1030,11,0,,,,,FALSE,FALSE,FALSE,FALSE
2016-03-18,23210,2016,3,18,Friday,1,4,84,1027,10,0,1,1,,,TRUE,TRUE,FALSE,FALSE
2016-03-19,18060,2016,3,19,Saturday,1,7,71,1026,14,0,1,,,,TRUE,FALSE,FALSE,FALSE
2016-03-20,17163,2016,3,20,Sunday,1,8,71,1025,11,0,1,,,,TRUE,FALSE,FALSE,FALSE
2016-03-21,25990,2016,3,21,Monday,2,9,68,1023,6,0,,,,,FALSE,FALSE,FALSE,FALSE
2016-03-22,29312,2016,3,22,Tuesday,2,7,66,1018,5,0,,,,,FALSE,FALSE,FALSE,FALSE
2016-03-23,27052,2016,3,23,Wednesday,2,8,63,1017,6,0,,,,,FALSE,FALSE,FALSE,FALSE
2016-03-24,19477,2016,3,24,Thursday,2,8,80,1013,13,1.02,1,,,,TRUE,FALSE,FALSE,FALSE
2016-03-25,25612,2016,3,25,Friday,2,11,67,1013,13,0,1,1,,,TRUE,TRUE,FALSE,FALSE
2016-03-26,11211,2016,3,26,Saturday,2,10,85,1004,21,0.25,1,,,,TRUE,FALSE,FALSE,FALSE
2016-03-27,10149,2016,3,27,Sunday,2,8,80,999,23,6.1,1,,1,,TRUE,FALSE,TRUE,FALSE
2016-03-28,10316,2016,3,28,Monday,2,8,75,988,40,2.03,1,,,,TRUE,FALSE,FALSE,FALSE
2016-03-29,18945,2016,3,29,Tuesday,2,8,73,1002,19,4.06,1,,1,,TRUE,FALSE,TRUE,FALSE
2016-03-30,26700,2016,3,30,Wednesday,2,9,69,1008,14,0,1,,,,TRUE,FALSE,FALSE,FALSE
2016-03-31,28486,2016,3,31,Thursday,2,9,62,1015,8,0,,,,,FALSE,FALSE,FALSE,FALSE
2016-04-01,27310,2016,4,1,Friday,2,7,69,1019,10,0,,,,,FALSE,FALSE,FALSE,FALSE
2016-04-02,24416,2016,4,2,Saturday,2,11,62,1012,13,0.25,1,,,,TRUE,FALSE,FALSE,FALSE
2016-04-03,21068,2016,4,3,Sunday,2,11,79,1005,13,0.51,1,,1,,TRUE,FALSE,TRUE,FALSE
2016-04-04,25182,2016,4,4,Monday,2,11,80,1002,14,0.25,1,,,,TRUE,FALSE,FALSE,FALSE
2016-04-05,30155,2016,4,5,Tuesday,2,11,67,1007,13,0,1,,,,TRUE,FALSE,FALSE,FALSE
2016-04-06,24132,2016,4,6,Wednesday,2,9,68,1007,23,1.02,1,,,,TRUE,FALSE,FALSE,FALSE
2016-04-07,22338,2016,4,7,Thursday,2,8,78,1009,21,3.05,1,,,,TRUE,FALSE,FALSE,FALSE
2016-04-08,27357,2016,4,8,Friday,2,9,76,1011,11,0,1,,,,TRUE,FALSE,FALSE,FALSE
2016-04-09,19858,2016,4,9,Saturday,2,8,75,1003,16,1.02,1,,,,TRUE,FALSE,FALSE,FALSE
2016-04-10,23389,2016,4,10,Sunday,2,7,67,1007,13,1.02,1,,,,TRUE,FALSE,FALSE,FALSE
2016-04-11,24162,2016,4,11,Monday,2,11,82,1006,11,2.03,1,,,,TRUE,FALSE,FALSE,FALSE
2016-04-12,30801,2016,4,12,Tuesday,2,12,68,1006,11,0,1,,,,TRUE,FALSE,FALSE,FALSE
2016-04-13,30285,2016,4,13,Wednesday,2,11,63,1008,6,0.51,1,1,,,TRUE,TRUE,FALSE,FALSE
2016-04-14,30566,2016,4,14,Thursday,2,12,65,1009,10,0.51,1,,,,TRUE,FALSE,FALSE,FALSE
2016-04-15,15919,2016,4,15,Friday,2,11,90,1001,6,16,1,,,,TRUE,FALSE,FALSE,FALSE
2016-04-16,17801,2016,4,16,Saturday,2,7,75,1004,13,0.25,1,,,,TRUE,FALSE,FALSE,FALSE
2016-04-17,18274,2016,4,17,Sunday,2,6,61,1016,8,0,,,,,FALSE,FALSE,FALSE,FALSE
2016-04-18,28512,2016,4,18,Monday,2,8,64,1022,14,0,,,,,FALSE,FALSE,FALSE,FALSE
2016-04-19,33719,2016,4,19,Tuesday,2,12,59,1028,11,0,,,,,FALSE,FALSE,FALSE,FALSE
2016-04-20,34577,2016,4,20,Wednesday,2,9,65,1030,14,0,,,,,FALSE,FALSE,FALSE,FALSE
2016-04-21,31937,2016,4,21,Thursday,2,11,64,1024,16,0,,,,,FALSE,FALSE,FALSE,FALSE
2016-04-22,20532,2016,4,22,Friday,2,8,73,1021,16,2.03,1,,,,TRUE,FALSE,FALSE,FALSE
2016-04-23,22060,2016,4,23,Saturday,2,7,64,1020,11,0,1,,,,TRUE,FALSE,FALSE,FALSE
2016-04-24,18873,2016,4,24,Sunday,2,7,63,1020,10,0.25,1,,,,TRUE,FALSE,FALSE,FALSE
2016-04-25,24389,2016,4,25,Monday,2,8,75,1011,14,0.51,1,,,,TRUE,FALSE,FALSE,FALSE
2016-04-26,27862,2016,4,26,Tuesday,2,7,62,1008,16,0.25,1,,,,TRUE,FALSE,FALSE,FALSE
2016-04-27,28431,2016,4,27,Wednesday,2,7,61,1012,11,0,1,1,,,TRUE,TRUE,FALSE,FALSE
2016-04-28,28901,2016,4,28,Thursday,2,6,65,1013,13,1.02,1,,,,TRUE,FALSE,FALSE,FALSE
2016-04-29,25658,2016,4,29,Friday,2,8,61,1011,23,1.02,1,,,,TRUE,FALSE,FALSE,FALSE
2016-04-30,24844,2016,4,30,Saturday,2,8,61,1021,10,0.25,1,,,,TRUE,FALSE,FALSE,FALSE
2016-05-01,29664,2016,5,1,Sunday,2,9,64,1027,10,0,1,1,,,TRUE,TRUE,FALSE,FALSE
2016-05-02,19598,2016,5,2,Monday,2,13,80,1021,21,0.51,1,,,,TRUE,FALSE,FALSE,FALSE
2016-05-03,32037,2016,5,3,Tuesday,2,10,60,1025,13,0,,,,,FALSE,FALSE,FALSE,FALSE
2016-05-04,36514,2016,5,4,Wednesday,2,11,53,1026,10,0,,,,,FALSE,FALSE,FALSE,FALSE
2016-05-05,39104,2016,5,5,Thursday,2,13,45,1020,10,0,,,,,FALSE,FALSE,FALSE,FALSE
2016-05-06,40117,2016,5,6,Friday,2,16,52,1011,8,0,,,,,FALSE,FALSE,FALSE,FALSE
2016-05-07,44532,2016,5,7,Saturday,2,18,58,1007,10,0,,,,,FALSE,FALSE,FALSE,FALSE
2016-05-08,45301,2016,5,8,Sunday,2,20,47,1007,13,0,,,,,FALSE,FALSE,FALSE,FALSE
2016-05-09,30821,2016,5,9,Monday,2,19,61,1008,14,0.25,1,,,,TRUE,FALSE,FALSE,FALSE
2016-05-10,21673,2016,5,10,Tuesday,2,16,93,1006,10,7.87,1,,,,TRUE,FALSE,FALSE,FALSE
2016-05-11,27922,2016,5,11,Wednesday,2,17,92,1003,8,3.05,1,1,,,TRUE,TRUE,FALSE,FALSE
2016-05-12,38525,2016,5,12,Thursday,2,18,71,1002,11,0,1,,,,TRUE,FALSE,FALSE,FALSE
2016-05-13,35109,2016,5,13,Friday,2,13,75,1010,16,0,,,,,FALSE,FALSE,FALSE,FALSE
2016-05-14,30442,2016,5,14,Saturday,2,11,53,1020,13,0,,,,,FALSE,FALSE,FALSE,FALSE
2016-05-15,34725,2016,5,15,Sunday,2,11,58,1022,8,0,,,,,FALSE,FALSE,FALSE,FALSE
2016-05-16,37441,2016,5,16,Monday,2,13,64,1021,10,0,,,,,FALSE,FALSE,FALSE,FALSE
2016-05-17,36810,2016,5,17,Tuesday,2,13,73,1016,13,0,1,,,,TRUE,FALSE,FALSE,FALSE
2016-05-18,24335,2016,5,18,Wednesday,2,12,85,1005,16,4.06,1,,,,TRUE,FALSE,FALSE,FALSE
2016-05-19,34655,2016,5,19,Thursday,2,14,75,1011,14,0,1,,,,TRUE,FALSE,FALSE,FALSE
2016-05-20,36101,2016,5,20,Friday,2,16,71,1014,19,0,1,,,,TRUE,FALSE,FALSE,FALSE
2016-05-21,26785,2016,5,21,Saturday,2,15,82,1009,21,0.25,1,,,,TRUE,FALSE,FALSE,FALSE
2016-05-22,31115,2016,5,22,Sunday,2,14,72,1008,11,3.05,1,,,,TRUE,FALSE,FALSE,FALSE
2016-05-23,35451,2016,5,23,Monday,2,14,63,1017,11,1.02,1,,,,TRUE,FALSE,FALSE,FALSE
2016-05-24,36580,2016,5,24,Tuesday,2,12,64,1021,10,0,,,,,FALSE,FALSE,FALSE,FALSE
2016-05-25,31919,2016,5,25,Wednesday,2,11,73,1018,10,0,1,,,,TRUE,FALSE,FALSE,FALSE
2016-05-26,37442,2016,5,26,Thursday,2,14,66,1016,6,0,,,,,FALSE,FALSE,FALSE,FALSE
2016-05-27,36133,2016,5,27,Friday,2,17,65,1016,11,0,1,,,,TRUE,FALSE,FALSE,FALSE
2016-05-28,31301,2016,5,28,Saturday,2,16,69,1015,11,0,1,,,,TRUE,FALSE,FALSE,FALSE
2016-05-29,31246,2016,5,29,Sunday,2,14,74,1013,13,0,,,,,FALSE,FALSE,FALSE,FALSE
2016-05-30,24041,2016,5,30,Monday,2,14,75,1016,16,0,,,,,FALSE,FALSE,FALSE,FALSE
2016-05-31,16227,2016,5,31,Tuesday,2,12,84,1016,18,11.94,1,,,,TRUE,FALSE,FALSE,FALSE
2016-06-01,27156,2016,6,1,Wednesday,2,12,89,1021,16,0,1,,,,TRUE,FALSE,FALSE,FALSE
2016-06-02,29162,2016,6,2,Thursday,2,12,81,1021,18,0,,,1,,FALSE,FALSE,TRUE,FALSE
2016-06-03,29580,2016,6,3,Friday,2,12,80,1018,11,0,,,,,FALSE,FALSE,FALSE,FALSE
2016-06-04,30140,2016,6,4,Saturday,2,16,86,1017,6,0,,,,,FALSE,FALSE,FALSE,FALSE
2016-06-05,40836,2016,6,5,Sunday,2,18,75,1020,10,0,,,,,FALSE,FALSE,FALSE,FALSE
2016-06-06,39528,2016,6,6,Monday,2,18,56,1022,11,0,,,,,FALSE,FALSE,FALSE,FALSE
2016-06-07,35137,2016,6,7,Tuesday,2,18,67,1023,6,4.06,1,,1,,TRUE,FALSE,TRUE,FALSE
2016-06-08,34588,2016,6,8,Wednesday,2,20,81,1024,6,1.02,1,,1,,TRUE,FALSE,TRUE,FALSE
2016-06-09,41546,2016,6,9,Thursday,2,18,72,1021,10,0.25,,,,,FALSE,FALSE,FALSE,FALSE
2016-06-10,40139,2016,6,10,Friday,2,19,65,1014,6,0,1,,1,,TRUE,FALSE,TRUE,FALSE
2016-06-11,29018,2016,6,11,Saturday,2,19,73,1011,6,0,1,,,,TRUE,FALSE,FALSE,FALSE
2016-06-12,18109,2016,6,12,Sunday,2,18,86,1007,13,4.06,1,,,,TRUE,FALSE,FALSE,FALSE
2016-06-13,27571,2016,6,13,Monday,2,16,83,1002,16,3.05,1,,,,TRUE,FALSE,FALSE,FALSE
2016-06-14,30218,2016,6,14,Tuesday,2,16,85,996,16,3.05,1,,,,TRUE,FALSE,FALSE,FALSE
2016-06-15,37704,2016,6,15,Wednesday,2,16,77,996,14,3.05,1,,,,TRUE,FALSE,FALSE,FALSE
2016-06-16,31406,2016,6,16,Thursday,2,15,85,1000,8,1.02,1,,1,,TRUE,FALSE,TRUE,FALSE
2016-06-17,32018,2016,6,17,Friday,2,17,81,1007,8,3.05,1,,,,TRUE,FALSE,FALSE,FALSE
2016-06-18,29692,2016,6,18,Saturday,2,14,81,1019,8,0,1,,,,TRUE,FALSE,FALSE,FALSE
2016-06-19,31372,2016,6,19,Sunday,2,16,80,1023,13,2.03,1,,,,TRUE,FALSE,FALSE,FALSE
2016-06-20,22309,2016,6,20,Monday,2,19,88,1014,21,10.92,1,,,,TRUE,FALSE,FALSE,FALSE
2016-06-21,39003,2016,6,21,Tuesday,3,18,71,1017,13,0,,,,,FALSE,FALSE,FALSE,FALSE
2016-06-22,36628,2016,6,22,Wednesday,3,18,86,1019,11,2.03,1,,1,,TRUE,FALSE,TRUE,FALSE
2016-06-23,25129,2016,6,23,Thursday,3,19,98,1016,8,7.11,1,,1,,TRUE,FALSE,TRUE,FALSE
2016-06-24,36530,2016,6,24,Friday,3,17,75,1018,16,0,1,,,,TRUE,FALSE,FALSE,FALSE
2016-06-25,26357,2016,6,25,Saturday,3,16,74,1017,13,0.25,1,,,,TRUE,FALSE,FALSE,FALSE
2016-06-26,29597,2016,6,26,Sunday,3,17,79,1017,14,0.51,1,,,,TRUE,FALSE,FALSE,FALSE
2016-06-27,33695,2016,6,27,Monday,3,18,72,1017,14,0,1,,,,TRUE,FALSE,FALSE,FALSE
2016-06-28,31701,2016,6,28,Tuesday,3,16,70,1014,10,1.02,1,,,,TRUE,FALSE,FALSE,FALSE
2016-06-29,31496,2016,6,29,Wednesday,3,13,88,1009,21,0.51,1,,,,TRUE,FALSE,FALSE,FALSE
2016-06-30,35867,2016,6,30,Thursday,3,17,79,1009,16,0.51,1,,,,TRUE,FALSE,FALSE,FALSE
2016-07-01,28108,2016,7,1,Friday,3,16,76,1009,24,1.02,1,,,,TRUE,FALSE,FALSE,FALSE
2016-07-02,30802,2016,7,2,Saturday,3,16,62,1013,23,0.25,1,,,,TRUE,FALSE,FALSE,FALSE
2016-07-03,34195,2016,7,3,Sunday,3,16,69,1018,13,0,,,,,FALSE,FALSE,FALSE,FALSE
2016-07-04,37628,2016,7,4,Monday,3,16,77,1019,13,0,,,,,FALSE,FALSE,FALSE,FALSE
2016-07-05,40955,2016,7,5,Tuesday,3,18,65,1017,18,0,1,,,,TRUE,FALSE,FALSE,FALSE
2016-07-06,42871,2016,7,6,Wednesday,3,16,54,1023,8,0,,,,,FALSE,FALSE,FALSE,FALSE
2016-07-07,39670,2016,7,7,Thursday,3,19,63,1019,11,0,1,,,,TRUE,FALSE,FALSE,FALSE
2016-07-08,37311,2016,7,8,Friday,3,19,69,1016,18,0,1,,,,TRUE,FALSE,FALSE,FALSE
2016-07-09,34525,2016,7,9,Saturday,3,19,68,1017,18,0,,,,,FALSE,FALSE,FALSE,FALSE
2016-07-10,29556,2016,7,10,Sunday,3,19,76,1009,21,0,1,,,,TRUE,FALSE,FALSE,FALSE
2016-07-11,32781,2016,7,11,Monday,3,18,77,1008,24,1.02,1,,,,TRUE,FALSE,FALSE,FALSE
2016-07-12,30186,2016,7,12,Tuesday,3,16,79,1012,13,5.08,1,,,,TRUE,FALSE,FALSE,FALSE
2016-07-13,36128,2016,7,13,Wednesday,3,16,70,1018,10,2.03,1,,,,TRUE,FALSE,FALSE,FALSE
2016-07-14,40364,2016,7,14,Thursday,3,17,60,1024,10,0,1,,,,TRUE,FALSE,FALSE,FALSE
2016-07-15,37045,2016,7,15,Friday,3,15,74,1026,14,0,1,,,,TRUE,FALSE,FALSE,FALSE
2016-07-16,38916,2016,7,16,Saturday,3,22,72,1025,19,0,,,,,FALSE,FALSE,FALSE,FALSE
2016-07-17,38340,2016,7,17,Sunday,3,22,71,1022,16,0,1,,,,TRUE,FALSE,FALSE,FALSE
2016-07-18,43497,2016,7,18,Monday,3,22,60,1021,8,0,,,,,FALSE,FALSE,FALSE,FALSE
2016-07-19,46625,2016,7,19,Tuesday,3,24,56,1017,10,0,,,,,FALSE,FALSE,FALSE,FALSE
2016-07-20,45156,2016,7,20,Wednesday,3,25,57,1010,16,0,,,,,FALSE,FALSE,FALSE,FALSE
2016-07-21,41731,2016,7,21,Thursday,3,19,64,1016,13,0,,,,,FALSE,FALSE,FALSE,FALSE
2016-07-22,36401,2016,7,22,Friday,3,21,72,1018,6,0.51,1,,,,TRUE,FALSE,FALSE,FALSE
2016-07-23,42121,2016,7,23,Saturday,3,21,64,1020,8,0,,,,,FALSE,FALSE,FALSE,FALSE
2016-07-24,39070,2016,7,24,Sunday,3,20,71,1019,14,0.25,1,,,,TRUE,FALSE,FALSE,FALSE
2016-07-25,40999,2016,7,25,Monday,3,19,62,1019,16,0,1,,,,TRUE,FALSE,FALSE,FALSE
2016-07-26,42528,2016,7,26,Tuesday,3,18,65,1021,13,0,1,,,,TRUE,FALSE,FALSE,FALSE
2016-07-27,33646,2016,7,27,Wednesday,3,21,73,1015,16,3.05,1,,,,TRUE,FALSE,FALSE,FALSE
2016-07-28,39009,2016,7,28,Thursday,3,19,68,1014,10,1.02,1,,,,TRUE,FALSE,FALSE,FALSE
2016-07-29,35737,2016,7,29,Friday,3,20,75,1011,14,0.25,1,,,,TRUE,FALSE,FALSE,FALSE
2016-07-30,46251,2016,7,30,Saturday,3,19,64,1013,8,0,1,,,,TRUE,FALSE,FALSE,FALSE
2016-07-31,46276,2016,7,31,Sunday,3,18,55,1017,8,0,,,,,FALSE,FALSE,FALSE,FALSE
2016-08-01,30074,2016,8,1,Monday,3,16,74,1019,11,0.76,1,,,,TRUE,FALSE,FALSE,FALSE
2016-08-02,28949,2016,8,2,Tuesday,3,18,93,1010,18,0.25,1,,,,TRUE,FALSE,FALSE,FALSE
2016-08-03,40683,2016,8,3,Wednesday,3,21,70,1008,24,0,1,,,,TRUE,FALSE,FALSE,FALSE
2016-08-04,39488,2016,8,4,Thursday,3,19,64,1010,24,0,,,,,FALSE,FALSE,FALSE,FALSE
2016-08-05,40570,2016,8,5,Friday,3,18,67,1020,14,0,,,,,FALSE,FALSE,FALSE,FALSE
2016-08-06,42579,2016,8,6,Saturday,3,19,64,1026,14,0,,,,,FALSE,FALSE,FALSE,FALSE
2016-08-07,38620,2016,8,7,Sunday,3,22,66,1023,19,0,1,,,,TRUE,FALSE,FALSE,FALSE
2016-08-08,38117,2016,8,8,Monday,3,18,54,1022,19,0,,,,,FALSE,FALSE,FALSE,FALSE
2016-08-09,40052,2016,8,9,Tuesday,3,16,55,1025,11,0,,,,,FALSE,FALSE,FALSE,FALSE
2016-08-10,38917,2016,8,10,Wednesday,3,16,58,1025,11,0,,1,,,FALSE,TRUE,FALSE,FALSE
2016-08-11,38034,2016,8,11,Thursday,3,19,67,1022,18,0,1,,,,TRUE,FALSE,FALSE,FALSE
2016-08-12,40645,2016,8,12,Friday,3,20,66,1023,16,0,,,,,FALSE,FALSE,FALSE,FALSE
2016-08-13,43792,2016,8,13,Saturday,3,20,62,1023,18,0,,,,,FALSE,FALSE,FALSE,FALSE
2016-08-14,44648,2016,8,14,Sunday,3,19,50,1025,6,0,,,,,FALSE,FALSE,FALSE,FALSE
2016-08-15,41764,2016,8,15,Monday,3,18,60,1024,10,0,,,,,FALSE,FALSE,FALSE,FALSE
2016-08-16,40899,2016,8,16,Tuesday,3,19,66,1019,10,0,,,,,FALSE,FALSE,FALSE,FALSE
2016-08-17,42879,2016,8,17,Wednesday,3,20,61,1013,10,0,,,,,FALSE,FALSE,FALSE,FALSE
2016-08-18,39379,2016,8,18,Thursday,3,20,64,1010,8,0,1,,,,TRUE,FALSE,FALSE,FALSE
2016-08-19,25862,2016,8,19,Friday,3,17,86,1007,14,2.03,1,,,,TRUE,FALSE,FALSE,FALSE
2016-08-20,24712,2016,8,20,Saturday,3,18,75,1006,24,0.51,1,,,,TRUE,FALSE,FALSE,FALSE
2016-08-21,28625,2016,8,21,Sunday,3,19,74,1016,26,0.51,1,,,,TRUE,FALSE,FALSE,FALSE
2016-08-22,36064,2016,8,22,Monday,3,21,75,1023,19,0,1,,,,TRUE,FALSE,FALSE,FALSE
2016-08-23,42558,2016,8,23,Tuesday,3,22,63,1022,10,0,,1,,,FALSE,TRUE,FALSE,FALSE
2016-08-24,41088,2016,8,24,Wednesday,3,26,60,1017,6,3.05,1,,,,TRUE,FALSE,FALSE,FALSE
2016-08-25,38191,2016,8,25,Thursday,3,23,72,1015,8,0,1,,1,,TRUE,FALSE,TRUE,FALSE
2016-08-26,38222,2016,8,26,Friday,3,22,59,1017,8,0,1,,,,TRUE,FALSE,FALSE,FALSE
2016-08-27,32656,2016,8,27,Saturday,3,21,67,1016,10,0,1,,,,TRUE,FALSE,FALSE,FALSE
2016-08-28,26325,2016,8,28,Sunday,3,19,82,1013,16,2.03,1,,,,TRUE,FALSE,FALSE,FALSE
2016-08-29,34665,2016,8,29,Monday,3,19,64,1022,8,0,,,,,FALSE,FALSE,FALSE,FALSE
2016-08-30,39992,2016,8,30,Tuesday,3,20,60,1024,8,0,,,,,FALSE,FALSE,FALSE,FALSE
2016-08-31,39344,2016,8,31,Wednesday,3,18,71,1021,11,0,1,1,,,TRUE,TRUE,FALSE,FALSE
2016-09-01,40302,2016,9,1,Thursday,3,19,67,1023,11,0,,,,,FALSE,FALSE,FALSE,FALSE
2016-09-02,34661,2016,9,2,Friday,3,17,84,1019,14,0.25,1,,,,TRUE,FALSE,FALSE,FALSE
2016-09-03,23805,2016,9,3,Saturday,3,17,83,1015,14,4.06,1,,,,TRUE,FALSE,FALSE,FALSE
2016-09-04,27901,2016,9,4,Sunday,3,14,75,1013,21,0.25,1,1,,,TRUE,TRUE,FALSE,FALSE
2016-09-05,28210,2016,9,5,Monday,3,18,88,1019,11,0.76,1,,,,TRUE,FALSE,FALSE,FALSE
2016-09-06,37982,2016,9,6,Tuesday,3,21,82,1023,11,0,1,,,,TRUE,FALSE,FALSE,FALSE
2016-09-07,40232,2016,9,7,Wednesday,3,23,68,1018,6,0,1,,,,TRUE,FALSE,FALSE,FALSE
2016-09-08,41004,2016,9,8,Thursday,3,19,63,1011,14,0,,,,,FALSE,FALSE,FALSE,FALSE
2016-09-09,36554,2016,9,9,Friday,3,19,74,1015,18,0,1,,,,TRUE,FALSE,FALSE,FALSE
2016-09-10,17308,2016,9,10,Saturday,3,16,87,1013,16,3.05,1,,,,TRUE,FALSE,FALSE,FALSE
2016-09-11,39906,2016,9,11,Sunday,3,15,70,1017,10,0.25,,1,,,FALSE,TRUE,FALSE,FALSE
2016-09-12,39687,2016,9,12,Monday,3,18,74,1013,10,0,1,,,,TRUE,FALSE,FALSE,FALSE
2016-09-13,44035,2016,9,13,Tuesday,3,24,62,1009,10,0,,,,,FALSE,FALSE,FALSE,FALSE
2016-09-14,44909,2016,9,14,Wednesday,3,23,63,1010,11,0,,,,,FALSE,FALSE,FALSE,FALSE
2016-09-15,42598,2016,9,15,Thursday,3,22,74,1010,8,0,,,1,,FALSE,FALSE,TRUE,FALSE
2016-09-16,22204,2016,9,16,Friday,3,16,81,1012,13,8.89,1,,1,,TRUE,FALSE,TRUE,FALSE
2016-09-17,27548,2016,9,17,Saturday,3,14,79,1020,14,0,1,,,,TRUE,FALSE,FALSE,FALSE
2016-09-18,29830,2016,9,18,Sunday,3,17,77,1021,8,0,,,,,FALSE,FALSE,FALSE,FALSE
2016-09-19,33401,2016,9,19,Monday,3,16,82,1022,6,2.03,1,,,,TRUE,FALSE,FALSE,FALSE
2016-09-20,37658,2016,9,20,Tuesday,3,17,82,1020,5,0,1,,,,TRUE,FALSE,FALSE,FALSE
2016-09-21,40646,2016,9,21,Wednesday,4,18,73,1018,8,0,,,,,FALSE,FALSE,FALSE,FALSE
2016-09-22,38411,2016,9,22,Thursday,4,17,78,1019,10,0,1,,,,TRUE,FALSE,FALSE,FALSE
2016-09-23,38963,2016,9,23,Friday,4,14,64,1024,10,0,,,,,FALSE,FALSE,FALSE,FALSE
2016-09-24,36243,2016,9,24,Saturday,4,16,66,1017,14,0,,,,,FALSE,FALSE,FALSE,FALSE
2016-09-25,30015,2016,9,25,Sunday,4,16,66,1014,19,0,1,,,,TRUE,FALSE,FALSE,FALSE
2016-09-26,35059,2016,9,26,Monday,4,14,77,1022,10,0.76,1,,,,TRUE,FALSE,FALSE,FALSE
2016-09-27,36094,2016,9,27,Tuesday,4,14,84,1022,13,0,,,,,FALSE,FALSE,FALSE,FALSE
2016-09-28,38893,2016,9,28,Wednesday,4,17,80,1024,18,0,,,,,FALSE,FALSE,FALSE,FALSE
2016-09-29,34840,2016,9,29,Thursday,4,17,74,1015,24,2.03,1,,,,TRUE,FALSE,FALSE,FALSE
2016-09-30,34140,2016,9,30,Friday,4,14,72,1012,16,2.03,1,,,,TRUE,FALSE,FALSE,FALSE
2016-10-01,17832,2016,10,1,Saturday,4,12,88,1006,8,4.06,1,1,1,,TRUE,TRUE,TRUE,FALSE
2016-10-02,27335,2016,10,2,Sunday,4,12,76,1016,10,0,1,,,,TRUE,FALSE,FALSE,FALSE
2016-10-03,35892,2016,10,3,Monday,4,12,70,1028,5,0,,,,,FALSE,FALSE,FALSE,FALSE
2016-10-04,37162,2016,10,4,Tuesday,4,14,77,1030,13,0,,,,,FALSE,FALSE,FALSE,FALSE
2016-10-05,36314,2016,10,5,Wednesday,4,14,63,1029,21,0,,,,,FALSE,FALSE,FALSE,FALSE
2016-10-06,35332,2016,10,6,Thursday,4,12,61,1025,13,0,,,,,FALSE,FALSE,FALSE,FALSE
2016-10-07,33361,2016,10,7,Friday,4,13,77,1022,8,0,1,,,,TRUE,FALSE,FALSE,FALSE
2016-10-08,27236,2016,10,8,Saturday,4,14,80,1026,8,0,1,,,,TRUE,FALSE,FALSE,FALSE
2016-10-09,25390,2016,10,9,Sunday,4,12,73,1028,10,0.25,1,,,,TRUE,FALSE,FALSE,FALSE
2016-10-10,33045,2016,10,10,Monday,4,10,77,1026,8,0,1,,,,TRUE,FALSE,FALSE,FALSE
2016-10-11,35254,2016,10,11,Tuesday,4,11,76,1023,6,0.25,1,,,,TRUE,FALSE,FALSE,FALSE
2016-10-12,32552,2016,10,12,Wednesday,4,12,79,1020,10,2.03,1,,,,TRUE,FALSE,FALSE,FALSE
2016-10-13,30762,2016,10,13,Thursday,4,11,78,1013,13,0,1,,,,TRUE,FALSE,FALSE,FALSE
2016-10-14,32637,2016,10,14,Friday,4,12,74,1006,10,0,1,,,,TRUE,FALSE,FALSE,FALSE
2016-10-15,23773,2016,10,15,Saturday,4,13,81,1006,10,4.06,1,,,,TRUE,FALSE,FALSE,FALSE
2016-10-16,18685,2016,10,16,Sunday,4,13,86,1012,14,6.1,1,1,,,TRUE,TRUE,FALSE,FALSE
2016-10-17,29007,2016,10,17,Monday,4,13,85,1018,11,2.03,1,,,,TRUE,FALSE,FALSE,FALSE
2016-10-18,33062,2016,10,18,Tuesday,4,11,74,1020,16,0,1,,,,TRUE,FALSE,FALSE,FALSE
2016-10-19,33953,2016,10,19,Wednesday,4,11,71,1021,16,0,,1,,,FALSE,TRUE,FALSE,FALSE
2016-10-20,32624,2016,10,20,Thursday,4,11,78,1021,10,0,1,,,,TRUE,FALSE,FALSE,FALSE
2016-10-21,30838,2016,10,21,Friday,4,10,80,1020,10,0,,,,,FALSE,FALSE,FALSE,FALSE
2016-10-22,26322,2016,10,22,Saturday,4,10,83,1016,6,0,1,,,,TRUE,FALSE,FALSE,FALSE
2016-10-23,23812,2016,10,23,Sunday,4,9,79,1012,10,0,,,,,FALSE,FALSE,FALSE,FALSE
2016-10-24,30329,2016,10,24,Monday,4,11,75,1013,11,0,1,1,,,TRUE,TRUE,FALSE,FALSE
2016-10-25,33313,2016,10,25,Tuesday,4,12,86,1022,5,0.51,1,,,,TRUE,FALSE,FALSE,FALSE
2016-10-26,34322,2016,10,26,Wednesday,4,12,89,1028,10,0,1,1,,,TRUE,TRUE,FALSE,FALSE
2016-10-27,34203,2016,10,27,Thursday,4,12,86,1032,11,0,,1,1,,FALSE,TRUE,TRUE,FALSE
2016-10-28,33769,2016,10,28,Friday,4,13,79,1034,16,0,,,,,FALSE,FALSE,FALSE,FALSE
2016-10-29,28114,2016,10,29,Saturday,4,13,88,1034,5,0,1,,,,TRUE,FALSE,FALSE,FALSE
2016-10-30,24166,2016,10,30,Sunday,4,10,96,1030,5,0,1,1,,,TRUE,TRUE,FALSE,FALSE
2016-10-31,34747,2016,10,31,Monday,4,14,88,1027,5,0,,1,,,FALSE,TRUE,FALSE,FALSE
2016-11-01,32334,2016,11,1,Tuesday,4,9,89,1024,6,0,1,1,,,TRUE,TRUE,FALSE,FALSE
2016-11-02,32316,2016,11,2,Wednesday,4,7,77,1025,8,0,,1,,,FALSE,TRUE,FALSE,FALSE
2016-11-03,31111,2016,11,3,Thursday,4,7,80,1021,8,0.51,1,,,,TRUE,FALSE,FALSE,FALSE
2016-11-04,22143,2016,11,4,Friday,4,8,88,1009,8,5.08,1,,,,TRUE,FALSE,FALSE,FALSE
2016-11-05,19649,2016,11,5,Saturday,4,6,81,1006,11,0,,,,,FALSE,FALSE,FALSE,FALSE
2016-11-06,13576,2016,11,6,Sunday,4,4,76,1006,14,1.02,1,,,,TRUE,FALSE,FALSE,FALSE
2016-11-07,17329,2016,11,7,Monday,4,4,76,1012,16,0,1,,,,TRUE,FALSE,FALSE,FALSE
2016-11-08,26382,2016,11,8,Tuesday,4,2,83,1010,10,2.03,1,,,,TRUE,FALSE,FALSE,FALSE
2016-11-09,18878,2016,11,9,Wednesday,4,7,90,1000,16,6.1,1,,,,TRUE,FALSE,FALSE,FALSE
2016-11-10,26075,2016,11,10,Thursday,4,7,86,1007,13,0.76,1,,,,TRUE,FALSE,FALSE,FALSE
2016-11-11,28088,2016,11,11,Friday,4,7,79,1021,8,0,,,,,FALSE,FALSE,FALSE,FALSE
2016-11-12,9709,2016,11,12,Saturday,4,7,92,1017,10,8.89,1,,,,TRUE,FALSE,FALSE,FALSE
2016-11-13,19258,2016,11,13,Sunday,4,8,84,1027,8,0.25,,,,,FALSE,FALSE,FALSE,FALSE
2016-11-14,24824,2016,11,14,Monday,4,9,92,1029,10,0.25,1,,,,TRUE,FALSE,FALSE,FALSE
2016-11-15,28810,2016,11,15,Tuesday,4,14,91,1025,16,0.25,1,,,,TRUE,FALSE,FALSE,FALSE
2016-11-16,27646,2016,11,16,Wednesday,4,11,85,1015,21,2.03,1,,,,TRUE,FALSE,FALSE,FALSE
2016-11-17,27692,2016,11,17,Thursday,4,10,78,1000,19,0.25,1,,,,TRUE,FALSE,FALSE,FALSE
2016-11-18,26884,2016,11,18,Friday,4,7,80,996,19,0,1,,,,TRUE,FALSE,FALSE,FALSE
2016-11-19,18288,2016,11,19,Saturday,4,4,87,1000,11,4.06,1,,,,TRUE,FALSE,FALSE,FALSE
2016-11-20,10704,2016,11,20,Sunday,4,7,90,987,21,1.02,1,,,,TRUE,FALSE,FALSE,FALSE
2016-11-21,19374,2016,11,21,Monday,4,9,94,989,16,9.91,1,,,,TRUE,FALSE,FALSE,FALSE
2016-11-22,27723,2016,11,22,Tuesday,4,9,79,1000,23,0.25,1,,,,TRUE,FALSE,FALSE,FALSE
2016-11-23,29047,2016,11,23,Wednesday,4,7,92,1017,8,0,,1,,,FALSE,TRUE,FALSE,FALSE
2016-11-24,28091,2016,11,24,Thursday,4,8,81,1023,19,0,1,,,,TRUE,FALSE,FALSE,FALSE
2016-11-25,27692,2016,11,25,Friday,4,8,72,1022,16,0,,,,,FALSE,FALSE,FALSE,FALSE
2016-11-26,19805,2016,11,26,Saturday,4,6,92,1021,8,0,,1,,,FALSE,TRUE,FALSE,FALSE
2016-11-27,15628,2016,11,27,Sunday,4,7,81,1025,8,0,1,,,,TRUE,FALSE,FALSE,FALSE
2016-11-28,26980,2016,11,28,Monday,4,6,63,1030,13,0,,,,,FALSE,FALSE,FALSE,FALSE
2016-11-29,27847,2016,11,29,Tuesday,4,2,73,1034,6,0,,,,,FALSE,FALSE,FALSE,FALSE
2016-11-30,27119,2016,11,30,Wednesday,4,1,81,1035,5,0,,,,,FALSE,FALSE,FALSE,FALSE
2016-12-01,26431,2016,12,1,Thursday,4,2,79,1031,6,0,,,,,FALSE,FALSE,FALSE,FALSE
2016-12-02,26223,2016,12,2,Friday,4,6,87,1027,5,0.25,1,,,,TRUE,FALSE,FALSE,FALSE
2016-12-03,18120,2016,12,3,Saturday,4,6,75,1025,10,0,,,,,FALSE,FALSE,FALSE,FALSE
2016-12-04,15448,2016,12,4,Sunday,4,4,77,1024,10,0,,,,,FALSE,FALSE,FALSE,FALSE
2016-12-05,26456,2016,12,5,Monday,4,3,89,1024,6,0,,1,,,FALSE,TRUE,FALSE,FALSE
2016-12-06,28347,2016,12,6,Tuesday,4,6,98,1027,5,0,,1,,,FALSE,TRUE,FALSE,FALSE
2016-12-07,29735,2016,12,7,Wednesday,4,10,92,1026,10,0,1,,,,TRUE,FALSE,FALSE,FALSE
2016-12-08,28632,2016,12,8,Thursday,4,11,93,1026,13,0,1,,,,TRUE,FALSE,FALSE,FALSE
2016-12-09,30076,2016,12,9,Friday,4,12,93,1025,13,0,1,,,,TRUE,FALSE,FALSE,FALSE
2016-12-10,15054,2016,12,10,Saturday,4,10,95,1021,14,0.76,1,,,,TRUE,FALSE,FALSE,FALSE
2016-12-11,17713,2016,12,11,Sunday,4,7,94,1025,11,0,,1,,,FALSE,TRUE,FALSE,FALSE
2016-12-12,25476,2016,12,12,Monday,4,7,95,1022,8,1.02,1,1,,,TRUE,TRUE,FALSE,FALSE
2016-12-13,26747,2016,12,13,Tuesday,4,10,96,1020,11,0.25,1,,,,TRUE,FALSE,FALSE,FALSE
2016-12-14,29130,2016,12,14,Wednesday,4,10,85,1020,10,0,1,,,,TRUE,FALSE,FALSE,FALSE
2016-12-15,28449,2016,12,15,Thursday,4,8,94,1019,10,0,,,,,FALSE,FALSE,FALSE,FALSE
2016-12-16,27926,2016,12,16,Friday,4,9,93,1025,8,0,,,,,FALSE,FALSE,FALSE,FALSE
2016-12-17,17473,2016,12,17,Saturday,4,6,99,1037,5,0,1,,,,TRUE,FALSE,FALSE,FALSE
2016-12-18,15152,2016,12,18,Sunday,4,7,95,1036,5,0,1,,,,TRUE,FALSE,FALSE,FALSE
2016-12-19,23736,2016,12,19,Monday,4,6,95,1027,6,0.76,1,,,,TRUE,FALSE,FALSE,FALSE
2016-12-20,25106,2016,12,20,Tuesday,4,6,87,1021,10,0,,,,,FALSE,FALSE,FALSE,FALSE
2016-12-21,23329,2016,12,21,Wednesday,4,8,91,1019,16,0.25,1,,,,TRUE,FALSE,FALSE,FALSE
2016-12-22,21659,2016,12,22,Thursday,1,6,86,1027,8,0.25,1,,,,TRUE,FALSE,FALSE,FALSE
2016-12-23,14534,2016,12,23,Friday,1,7,93,1026,16,1.02,1,,,,TRUE,FALSE,FALSE,FALSE
2016-12-24,7978,2016,12,24,Saturday,1,8,77,1026,21,0,1,,,,TRUE,FALSE,FALSE,FALSE
2016-12-25,37401,2016,12,25,Sunday,1,11,81,1023,27,0,1,,,,TRUE,FALSE,FALSE,FALSE
2016-12-26,11637,2016,12,26,Monday,1,5,75,1032,19,0,1,,,,TRUE,FALSE,FALSE,FALSE
2016-12-27,11003,2016,12,27,Tuesday,1,3,88,1044,6,0,,,,,FALSE,FALSE,FALSE,FALSE
2016-12-28,12530,2016,12,28,Wednesday,1,3,94,1042,5,0.25,,1,,,FALSE,TRUE,FALSE,FALSE
2016-12-29,14206,2016,12,29,Thursday,1,3,92,1037,5,0.25,,1,,,FALSE,TRUE,FALSE,FALSE
2016-12-30,11684,2016,12,30,Friday,1,1,100,1036,5,0,,1,,,FALSE,TRUE,FALSE,FALSE
2016-12-31,11584,2016,12,31,Saturday,1,6,97,1031,10,0,1,1,,,TRUE,TRUE,FALSE,FALSE
2017-01-01,6534,2017,1,1,Sunday,1,7,95,1019,13,5.08,1,,,,TRUE,FALSE,FALSE,FALSE
2017-01-02,11954,2017,1,2,Monday,1,2,87,1028,10,0,,,,,FALSE,FALSE,FALSE,FALSE
2017-01-03,19622,2017,1,3,Tuesday,1,1,87,1028,11,0.25,,,,,FALSE,FALSE,FALSE,FALSE
2017-01-04,22122,2017,1,4,Wednesday,1,4,74,1026,14,0,1,,,,TRUE,FALSE,FALSE,FALSE
2017-01-05,23580,2017,1,5,Thursday,1,2,80,1034,5,0,,,,,FALSE,FALSE,FALSE,FALSE
2017-01-06,18973,2017,1,6,Friday,1,2,93,1036,6,2.03,1,1,,,TRUE,TRUE,FALSE,FALSE
2017-01-07,13879,2017,1,7,Saturday,1,8,97,1032,10,0.25,1,,,,TRUE,FALSE,FALSE,FALSE
2017-01-08,13506,2017,1,8,Sunday,1,8,99,1032,5,1.02,1,1,,,TRUE,TRUE,FALSE,FALSE
2017-01-09,38042,2017,1,9,Monday,1,7,94,1019,14,3.05,1,1,,,TRUE,TRUE,FALSE,FALSE
2017-01-10,28106,2017,1,10,Tuesday,1,6,88,1011,16,0,1,,,,TRUE,FALSE,FALSE,FALSE
2017-01-11,28270,2017,1,11,Wednesday,1,8,72,1011,18,0,,,,,FALSE,FALSE,FALSE,FALSE
2017-01-12,17109,2017,1,12,Thursday,1,3,83,1005,18,13.97,1,,,1,TRUE,FALSE,FALSE,TRUE
2017-01-13,20963,2017,1,13,Friday,1,3,75,1009,21,0.25,1,,,1,TRUE,FALSE,FALSE,TRUE
2017-01-14,13766,2017,1,14,Saturday,1,2,85,1020,13,0.76,1,,,,TRUE,FALSE,FALSE,FALSE
2017-01-15,6752,2017,1,15,Sunday,1,4,98,1023,8,4.06,1,,,,TRUE,FALSE,FALSE,FALSE
2017-01-16,19230,2017,1,16,Monday,1,4,96,1028,6,4.06,1,,,,TRUE,FALSE,FALSE,FALSE
2017-01-17,27281,2017,1,17,Tuesday,1,2,81,1036,5,0,,,,,FALSE,FALSE,FALSE,FALSE
2017-01-18,27194,2017,1,18,Wednesday,1,1,75,1038,3,0,,,,,FALSE,FALSE,FALSE,FALSE
2017-01-19,26826,2017,1,19,Thursday,1,2,78,1037,5,0,,,,,FALSE,FALSE,FALSE,FALSE
2017-01-20,25125,2017,1,20,Friday,1,2,74,1033,8,0,,1,,,FALSE,TRUE,FALSE,FALSE
2017-01-21,17552,2017,1,21,Saturday,1,1,77,1028,10,0,,,,,FALSE,FALSE,FALSE,FALSE
2017-01-22,15628,2017,1,22,Sunday,1,1,87,1027,3,0,,,,,FALSE,FALSE,FALSE,FALSE
2017-01-23,23280,2017,1,23,Monday,1,0,97,1028,3,0.25,,1,,,FALSE,TRUE,FALSE,FALSE
2017-01-24,26611,2017,1,24,Tuesday,1,3,91,1028,5,0,,1,,,FALSE,TRUE,FALSE,FALSE
2017-01-25,25175,2017,1,25,Wednesday,1,1,98,1027,5,0.25,,1,,,FALSE,TRUE,FALSE,FALSE
2017-01-26,23831,2017,1,26,Thursday,1,-1,89,1020,14,0,,,,,FALSE,FALSE,FALSE,FALSE
2017-01-27,23387,2017,1,27,Friday,1,2,88,1010,11,0,,,,,FALSE,FALSE,FALSE,FALSE
2017-01-28,17523,2017,1,28,Saturday,1,7,81,1010,16,0.51,1,,,,TRUE,FALSE,FALSE,FALSE
2017-01-29,9078,2017,1,29,Sunday,1,6,95,1011,13,4.06,1,,,,TRUE,FALSE,FALSE,FALSE
2017-01-30,24969,2017,1,30,Monday,1,7,95,1011,11,0.25,1,,,,TRUE,FALSE,FALSE,FALSE
2017-01-31,22623,2017,1,31,Tuesday,1,8,98,1013,13,0.51,1,,,,TRUE,FALSE,FALSE,FALSE
2017-02-01,23181,2017,2,1,Wednesday,1,10,96,1006,14,1.02,1,,,,TRUE,FALSE,FALSE,FALSE
2017-02-02,25601,2017,2,2,Thursday,1,10,90,997,23,1.02,1,,,,TRUE,FALSE,FALSE,FALSE
2017-02-03,23231,2017,2,3,Friday,1,8,86,994,21,2.03,1,,,,TRUE,FALSE,FALSE,FALSE
2017-02-04,17324,2017,2,4,Saturday,1,6,86,997,8,0.51,1,,,,TRUE,FALSE,FALSE,FALSE
2017-02-05,14570,2017,2,5,Sunday,1,4,93,1004,10,0,1,,,,TRUE,FALSE,FALSE,FALSE
2017-02-06,24312,2017,2,6,Monday,1,3,90,1017,8,6.1,1,1,,,TRUE,TRUE,FALSE,FALSE
2017-02-07,27156,2017,2,7,Tuesday,1,7,86,1014,10,0.25,1,,,,TRUE,FALSE,FALSE,FALSE
2017-02-08,25770,2017,2,8,Wednesday,1,4,86,1026,8,0,1,,,,TRUE,FALSE,FALSE,FALSE
2017-02-09,22900,2017,2,9,Thursday,1,1,86,1027,11,0,1,,,1,TRUE,FALSE,FALSE,TRUE
2017-02-10,18673,2017,2,10,Friday,1,1,93,1024,11,0.25,1,,,1,TRUE,FALSE,FALSE,TRUE
2017-02-11,9394,2017,2,11,Saturday,1,2,92,1022,11,0.51,1,,,1,TRUE,FALSE,FALSE,TRUE
2017-02-12,10272,2017,2,12,Sunday,1,4,91,1022,14,0,1,,,1,TRUE,FALSE,FALSE,TRUE
2017-02-13,24159,2017,2,13,Monday,1,7,81,1022,23,0,,,,,FALSE,FALSE,FALSE,FALSE
2017-02-14,26649,2017,2,14,Tuesday,1,7,81,1023,13,0,,,,,FALSE,FALSE,FALSE,FALSE
2017-02-15,24330,2017,2,15,Wednesday,1,9,95,1028,11,1.02,1,1,,,TRUE,TRUE,FALSE,FALSE
2017-02-16,26649,2017,2,16,Thursday,1,9,86,1029,13,0.25,1,,,,TRUE,FALSE,FALSE,FALSE
2017-02-17,25883,2017,2,17,Friday,1,9,84,1028,11,0,1,,,,TRUE,FALSE,FALSE,FALSE
2017-02-18,21292,2017,2,18,Saturday,1,9,86,1025,11,0,,,,,FALSE,FALSE,FALSE,FALSE
2017-02-19,19169,2017,2,19,Sunday,1,8,87,1022,11,0,1,,,,TRUE,FALSE,FALSE,FALSE
2017-02-20,28665,2017,2,20,Monday,1,13,85,1019,18,0,,,,,FALSE,FALSE,FALSE,FALSE
2017-02-21,28929,2017,2,21,Tuesday,1,11,86,1016,21,0.25,1,,,,TRUE,FALSE,FALSE,FALSE
2017-02-22,27290,2017,2,22,Wednesday,1,12,83,1008,31,0.25,1,,,,TRUE,FALSE,FALSE,FALSE
2017-02-23,22520,2017,2,23,Thursday,1,8,71,999,35,2.03,1,,,,TRUE,FALSE,FALSE,FALSE
2017-02-24,26832,2017,2,24,Friday,1,6,65,1016,14,0,1,,,,TRUE,FALSE,FALSE,FALSE
2017-02-25,14132,2017,2,25,Saturday,1,8,83,1013,19,0.76,1,,,,TRUE,FALSE,FALSE,FALSE
2017-02-26,14911,2017,2,26,Sunday,1,10,85,1006,26,0.25,1,,,,TRUE,FALSE,FALSE,FALSE
2017-02-27,20001,2017,2,27,Monday,1,6,87,990,19,6.1,1,,,,TRUE,FALSE,FALSE,FALSE
2017-02-28,24755,2017,2,28,Tuesday,1,4,82,988,18,1.02,1,,,,TRUE,FALSE,FALSE,FALSE
2017-03-01,24746,2017,3,1,Wednesday,1,7,80,998,19,0.51,1,,,,TRUE,FALSE,FALSE,FALSE
2017-03-02,26938,2017,3,2,Thursday,1,8,60,1008,32,0,,,,,FALSE,FALSE,FALSE,FALSE
2017-03-03,22914,2017,3,3,Friday,1,8,87,998,14,2.03,1,,1,,TRUE,FALSE,TRUE,FALSE
2017-03-04,21546,2017,3,4,Saturday,1,9,79,989,14,0.25,1,,,,TRUE,FALSE,FALSE,FALSE
2017-03-05,10593,2017,3,5,Sunday,1,8,79,991,24,4.06,1,,,,TRUE,FALSE,FALSE,FALSE
2017-03-06,26917,2017,3,6,Monday,1,7,74,1005,16,0,1,,,,TRUE,FALSE,FALSE,FALSE
2017-03-07,29174,2017,3,7,Tuesday,1,8,72,1016,14,0.25,1,,,,TRUE,FALSE,FALSE,FALSE
2017-03-08,24440,2017,3,8,Wednesday,1,11,86,1012,19,0.76,1,,,,TRUE,FALSE,FALSE,FALSE
2017-03-09,31113,2017,3,9,Thursday,1,12,66,1021,14,0,,,,,FALSE,FALSE,FALSE,FALSE
2017-03-10,28126,2017,3,10,Friday,1,9,86,1025,11,0,1,,,,TRUE,FALSE,FALSE,FALSE
2017-03-11,30560,2017,3,11,Saturday,1,13,83,1018,10,0,,,,,FALSE,FALSE,FALSE,FALSE
2017-03-12,15850,2017,3,12,Sunday,1,11,85,1015,6,3.05,1,,,,TRUE,FALSE,FALSE,FALSE
2017-03-13,32177,2017,3,13,Monday,1,10,70,1029,10,0,,,,,FALSE,FALSE,FALSE,FALSE
2017-03-14,30857,2017,3,14,Tuesday,1,11,84,1032,14,0,,,,,FALSE,FALSE,FALSE,FALSE
2017-03-15,34548,2017,3,15,Wednesday,1,13,79,1032,8,0,,1,,,FALSE,TRUE,FALSE,FALSE
2017-03-16,31876,2017,3,16,Thursday,1,9,86,1023,11,0,,1,,,FALSE,TRUE,FALSE,FALSE
2017-03-17,26481,2017,3,17,Friday,1,8,72,1017,19,0,1,,,,TRUE,FALSE,FALSE,FALSE
2017-03-18,7771,2017,3,18,Saturday,1,12,83,1010,31,0.51,1,,,,TRUE,FALSE,FALSE,FALSE
2017-03-19,19335,2017,3,19,Sunday,1,13,77,1009,27,0,1,,,,TRUE,FALSE,FALSE,FALSE
2017-03-20,24145,2017,3,20,Monday,1,10,85,1004,24,1.02,1,,,,TRUE,FALSE,FALSE,FALSE
2017-03-21,30182,2017,3,21,Tuesday,2,8,64,1009,21,0,1,,,,TRUE,FALSE,FALSE,FALSE
2017-03-22,23725,2017,3,22,Wednesday,2,8,79,1006,18,3.05,1,,,,TRUE,FALSE,FALSE,FALSE
2017-03-23,27639,2017,3,23,Thursday,2,8,77,1015,16,0,1,,,,TRUE,FALSE,FALSE,FALSE
2017-03-24,27578,2017,3,24,Friday,2,10,75,1028,19,0,,,,,FALSE,FALSE,FALSE,FALSE
2017-03-25,28374,2017,3,25,Saturday,2,9,50,1029,16,0,,,,,FALSE,FALSE,FALSE,FALSE
2017-03-26,24090,2017,3,26,Sunday,2,11,65,1024,14,0,,,,,FALSE,FALSE,FALSE,FALSE
2017-03-27,30887,2017,3,27,Monday,2,11,76,1022,11,0,,,,,FALSE,FALSE,FALSE,FALSE
2017-03-28,32314,2017,3,28,Tuesday,2,11,77,1020,11,0,1,,,,TRUE,FALSE,FALSE,FALSE
2017-03-29,29907,2017,3,29,Wednesday,2,13,81,1021,19,0,1,,,,TRUE,FALSE,FALSE,FALSE
2017-03-30,34219,2017,3,30,Thursday,2,17,61,1019,13,0,1,,,,TRUE,FALSE,FALSE,FALSE
2017-03-31,30730,2017,3,31,Friday,2,13,68,1010,16,0.25,1,,,,TRUE,FALSE,FALSE,FALSE
2017-04-01,28237,2017,4,1,Saturday,2,12,72,1009,16,0,1,,,,TRUE,FALSE,FALSE,FALSE
2017-04-02,31064,2017,4,2,Sunday,2,11,69,1021,6,0,,,,,FALSE,FALSE,FALSE,FALSE
2017-04-03,34287,2017,4,3,Monday,2,11,71,1025,8,0,,1,,,FALSE,TRUE,FALSE,FALSE
2017-04-04,30887,2017,4,4,Tuesday,2,11,81,1026,10,0,1,,,,TRUE,FALSE,FALSE,FALSE
2017-04-05,33985,2017,4,5,Wednesday,2,10,65,1031,10,0,,,,,FALSE,FALSE,FALSE,FALSE
2017-04-06,36003,2017,4,6,Thursday,2,11,63,1030,6,0,,,,,FALSE,FALSE,FALSE,FALSE
2017-04-07,35434,2017,4,7,Friday,2,12,64,1027,5,0,,,,,FALSE,FALSE,FALSE,FALSE
2017-04-08,38878,2017,4,8,Saturday,2,12,64,1024,6,0,,,,,FALSE,FALSE,FALSE,FALSE
2017-04-09,42854,2017,4,9,Sunday,2,16,59,1020,11,0,,,,,FALSE,FALSE,FALSE,FALSE
2017-04-10,31158,2017,4,10,Monday,2,11,57,1025,11,0,,,,,FALSE,FALSE,FALSE,FALSE
2017-04-11,35436,2017,4,11,Tuesday,2,11,59,1027,11,0,,,,,FALSE,FALSE,FALSE,FALSE
2017-04-12,32570,2017,4,12,Wednesday,2,11,67,1019,18,0,1,,,,TRUE,FALSE,FALSE,FALSE
2017-04-13,30343,2017,4,13,Thursday,2,10,56,1018,11,0,1,1,,,TRUE,TRUE,FALSE,FALSE
2017-04-14,22357,2017,4,14,Friday,2,11,63,1017,13,0,1,,,,TRUE,FALSE,FALSE,FALSE
2017-04-15,24627,2017,4,15,Saturday,2,12,60,1018,16,0,1,,,,TRUE,FALSE,FALSE,FALSE
2017-04-16,23090,2017,4,16,Sunday,2,11,64,1022,14,0.51,1,,,,TRUE,FALSE,FALSE,FALSE
2017-04-17,20130,2017,4,17,Monday,2,10,71,1023,11,0,1,,,,TRUE,FALSE,FALSE,FALSE
2017-04-18,29490,2017,4,18,Tuesday,2,9,56,1031,10,0,,,,,FALSE,FALSE,FALSE,FALSE
2017-04-19,32500,2017,4,19,Wednesday,2,9,53,1036,8,0,,,,,FALSE,FALSE,FALSE,FALSE
2017-04-20,33546,2017,4,20,Thursday,2,11,66,1036,11,0.25,1,,,,TRUE,FALSE,FALSE,FALSE
2017-04-21,31510,2017,4,21,Friday,2,11,69,1032,8,0,,,,,FALSE,FALSE,FALSE,FALSE
2017-04-22,28323,2017,4,22,Saturday,2,13,60,1028,10,0,,,,,FALSE,FALSE,FALSE,FALSE
2017-04-23,28736,2017,4,23,Sunday,2,12,62,1026,13,0,,,,,FALSE,FALSE,FALSE,FALSE
2017-04-24,28500,2017,4,24,Monday,2,9,70,1016,11,0.25,1,,,,TRUE,FALSE,FALSE,FALSE
2017-04-25,32383,2017,4,25,Tuesday,2,6,53,1014,14,0,1,,,,TRUE,FALSE,FALSE,FALSE
2017-04-26,28360,2017,4,26,Wednesday,2,7,70,1018,11,2.03,1,,,,TRUE,FALSE,FALSE,FALSE
2017-04-27,26727,2017,4,27,Thursday,2,6,73,1019,10,0.25,1,,,,TRUE,FALSE,FALSE,FALSE
2017-04-28,30390,2017,4,28,Friday,2,11,68,1017,8,0,1,,,,TRUE,FALSE,FALSE,FALSE
2017-04-29,28450,2017,4,29,Saturday,2,11,62,1014,11,0,,,,,FALSE,FALSE,FALSE,FALSE
2017-04-30,27461,2017,4,30,Sunday,2,13,51,1002,24,0.51,1,,,,TRUE,FALSE,FALSE,FALSE
2017-05-01,18493,2017,5,1,Monday,2,11,80,1004,14,1.02,1,,,,TRUE,FALSE,FALSE,FALSE
2017-05-02,32945,2017,5,2,Tuesday,2,12,72,1019,10,0.25,1,,,,TRUE,FALSE,FALSE,FALSE
2017-05-03,27191,2017,5,3,Wednesday,2,10,80,1022,13,0.76,1,,,,TRUE,FALSE,FALSE,FALSE
2017-05-04,31200,2017,5,4,Thursday,2,12,76,1022,13,0,,,,,FALSE,FALSE,FALSE,FALSE
2017-05-05,31355,2017,5,5,Friday,2,12,62,1021,18,0,1,,,,TRUE,FALSE,FALSE,FALSE
2017-05-06,29020,2017,5,6,Saturday,2,12,70,1013,16,0,,,,,FALSE,FALSE,FALSE,FALSE
2017-05-07,28491,2017,5,7,Sunday,2,13,64,1021,10,0,,,,,FALSE,FALSE,FALSE,FALSE
2017-05-08,30426,2017,5,8,Monday,2,9,66,1027,11,0,,,,,FALSE,FALSE,FALSE,FALSE
2017-05-09,33211,2017,5,9,Tuesday,2,10,60,1022,8,0,,,,,FALSE,FALSE,FALSE,FALSE
2017-05-10,36305,2017,5,10,Wednesday,2,12,62,1008,10,0,,,,,FALSE,FALSE,FALSE,FALSE
2017-05-11,33911,2017,5,11,Thursday,2,14,67,996,10,1.02,1,,,,TRUE,FALSE,FALSE,FALSE
2017-05-12,32618,2017,5,12,Friday,2,16,79,997,14,0.25,1,,,,TRUE,FALSE,FALSE,FALSE
2017-05-13,29539,2017,5,13,Saturday,2,16,67,1007,16,0.25,1,,,,TRUE,FALSE,FALSE,FALSE
2017-05-14,30145,2017,5,14,Sunday,2,16,65,1018,16,0,1,,,,TRUE,FALSE,FALSE,FALSE
2017-05-15,25882,2017,5,15,Monday,2,14,81,1024,16,0.51,1,,,,TRUE,FALSE,FALSE,FALSE
2017-05-16,35964,2017,5,16,Tuesday,2,20,74,1023,18,1.02,1,,,,TRUE,FALSE,FALSE,FALSE
2017-05-17,18926,2017,5,17,Wednesday,2,14,95,1017,10,17.02,1,,,,TRUE,FALSE,FALSE,FALSE
2017-05-18,23268,2017,5,18,Thursday,2,13,78,1012,10,2.03,1,,,,TRUE,FALSE,FALSE,FALSE
2017-05-19,28730,2017,5,19,Friday,2,13,80,1012,11,0.25,1,,,,TRUE,FALSE,FALSE,FALSE
2017-05-20,26825,2017,5,20,Saturday,2,12,75,1017,14,0.51,1,,,,TRUE,FALSE,FALSE,FALSE
2017-05-21,33728,2017,5,21,Sunday,2,14,67,1023,13,0,,,,,FALSE,FALSE,FALSE,FALSE
2017-05-22,40021,2017,5,22,Monday,2,18,57,1016,13,0,,,,,FALSE,FALSE,FALSE,FALSE
2017-05-23,39259,2017,5,23,Tuesday,2,16,74,1021,13,0,1,,,,TRUE,FALSE,FALSE,FALSE
2017-05-24,41644,2017,5,24,Wednesday,2,19,64,1025,10,0,,1,,,FALSE,TRUE,FALSE,FALSE
2017-05-25,43528,2017,5,25,Thursday,2,20,62,1024,8,0,,,,,FALSE,FALSE,FALSE,FALSE
2017-05-26,43701,2017,5,26,Friday,2,21,57,1018,14,0,,,,,FALSE,FALSE,FALSE,FALSE
2017-05-27,35354,2017,5,27,Saturday,2,19,68,1014,14,0,1,,,,TRUE,FALSE,FALSE,FALSE
2017-05-28,27909,2017,5,28,Sunday,2,18,75,1017,8,4.06,1,,,,TRUE,FALSE,FALSE,FALSE
2017-05-29,26476,2017,5,29,Monday,2,17,86,1012,11,0.25,1,,,,TRUE,FALSE,FALSE,FALSE
2017-05-30,37517,2017,5,30,Tuesday,2,17,72,1015,18,0,1,,,,TRUE,FALSE,FALSE,FALSE
2017-05-31,39019,2017,5,31,Wednesday,2,18,72,1022,10,0,,,,,FALSE,FALSE,FALSE,FALSE
2017-06-01,42514,2017,6,1,Thursday,2,19,66,1021,10,0,,,,,FALSE,FALSE,FALSE,FALSE
2017-06-02,34459,2017,6,2,Friday,2,19,67,1016,6,7.11,1,,1,,TRUE,FALSE,TRUE,FALSE
2017-06-03,38635,2017,6,3,Saturday,2,18,62,1014,14,0,1,,,,TRUE,FALSE,FALSE,FALSE
2017-06-04,30840,2017,6,4,Sunday,2,14,65,1016,18,0,1,,,,TRUE,FALSE,FALSE,FALSE
2017-06-05,30846,2017,6,5,Monday,2,14,75,1007,23,0.25,1,,,,TRUE,FALSE,FALSE,FALSE
2017-06-06,17387,2017,6,6,Tuesday,2,13,76,995,32,16,1,,,,TRUE,FALSE,FALSE,FALSE
2017-06-07,34819,2017,6,7,Wednesday,2,16,62,1011,29,0.76,1,,,,TRUE,FALSE,FALSE,FALSE
2017-06-08,32751,2017,6,8,Thursday,2,16,78,1010,24,0.25,1,,,,TRUE,FALSE,FALSE,FALSE
2017-06-09,33705,2017,6,9,Friday,2,17,70,1011,18,0,1,,,,TRUE,FALSE,FALSE,FALSE
2017-06-10,36788,2017,6,10,Saturday,2,18,67,1016,18,0,1,,,,TRUE,FALSE,FALSE,FALSE
2017-06-11,32997,2017,6,11,Sunday,2,19,64,1014,19,0,1,,,,TRUE,FALSE,FALSE,FALSE
2017-06-12,36114,2017,6,12,Monday,2,17,63,1017,23,0,,,,,FALSE,FALSE,FALSE,FALSE
2017-06-13,41337,2017,6,13,Tuesday,2,17,62,1020,10,0,,,,,FALSE,FALSE,FALSE,FALSE
2017-06-14,44762,2017,6,14,Wednesday,2,20,54,1017,11,0,,,,,FALSE,FALSE,FALSE,FALSE
2017-06-15,42249,2017,6,15,Thursday,2,20,57,1015,16,0,,,,,FALSE,FALSE,FALSE,FALSE
2017-06-16,40288,2017,6,16,Friday,2,18,64,1024,19,0,,,,,FALSE,FALSE,FALSE,FALSE
2017-06-17,41719,2017,6,17,Saturday,2,22,63,1026,10,0,,,,,FALSE,FALSE,FALSE,FALSE
2017-06-18,38577,2017,6,18,Sunday,2,24,56,1023,8,0,,,,,FALSE,FALSE,FALSE,FALSE
2017-06-19,41624,2017,6,19,Monday,2,26,53,1019,6,0,,,,,FALSE,FALSE,FALSE,FALSE
2017-06-20,43185,2017,6,20,Tuesday,2,25,54,1017,10,0,,,,,FALSE,FALSE,FALSE,FALSE
2017-06-21,43885,2017,6,21,Wednesday,3,25,60,1014,11,0,1,,,,TRUE,FALSE,FALSE,FALSE
2017-06-22,39708,2017,6,22,Thursday,3,21,67,1012,19,0,,,,,FALSE,FALSE,FALSE,FALSE
2017-06-23,40025,2017,6,23,Friday,3,19,62,1016,21,0,,,,,FALSE,FALSE,FALSE,FALSE
2017-06-24,30271,2017,6,24,Saturday,3,20,72,1014,21,0,1,,,,TRUE,FALSE,FALSE,FALSE
2017-06-25,31012,2017,6,25,Sunday,3,19,65,1012,23,0,,,,,FALSE,FALSE,FALSE,FALSE
2017-06-26,42096,2017,6,26,Monday,3,19,46,1014,8,0,1,,,,TRUE,FALSE,FALSE,FALSE
2017-06-27,24206,2017,6,27,Tuesday,3,18,74,1007,14,6.1,1,,,,TRUE,FALSE,FALSE,FALSE
2017-06-28,33008,2017,6,28,Wednesday,3,15,84,998,10,0,1,,,,TRUE,FALSE,FALSE,FALSE
2017-06-29,38137,2017,6,29,Thursday,3,14,72,996,11,0,1,,,,TRUE,FALSE,FALSE,FALSE
2017-06-30,40350,2017,6,30,Friday,3,18,68,1004,8,0.25,1,,,,TRUE,FALSE,FALSE,FALSE
2017-07-01,36183,2017,7,1,Saturday,3,19,64,1015,13,0,1,,,,TRUE,FALSE,FALSE,FALSE
2017-07-02,42875,2017,7,2,Sunday,3,19,55,1021,14,0,1,,,,TRUE,FALSE,FALSE,FALSE
2017-07-03,39970,2017,7,3,Monday,3,20,61,1020,16,0,1,,,,TRUE,FALSE,FALSE,FALSE
2017-07-04,43784,2017,7,4,Tuesday,3,19,64,1020,11,0,,,,,FALSE,FALSE,FALSE,FALSE
2017-07-05,46035,2017,7,5,Wednesday,3,22,53,1018,8,0,,,,,FALSE,FALSE,FALSE,FALSE
2017-07-06,44386,2017,7,6,Thursday,3,26,50,1014,14,0,,,,,FALSE,FALSE,FALSE,FALSE
2017-07-07,43547,2017,7,7,Friday,3,23,53,1016,14,0,,,,,FALSE,FALSE,FALSE,FALSE
2017-07-08,40196,2017,7,8,Saturday,3,22,54,1018,11,0,,,,,FALSE,FALSE,FALSE,FALSE
2017-07-09,38912,2017,7,9,Sunday,3,23,57,1013,11,0,,,,,FALSE,FALSE,FALSE,FALSE
2017-07-10,41086,2017,7,10,Monday,3,21,58,1008,14,0,,,,,FALSE,FALSE,FALSE,FALSE
2017-07-11,25955,2017,7,11,Tuesday,3,17,79,1009,16,18.03,1,,,,TRUE,FALSE,FALSE,FALSE
2017-07-12,38377,2017,7,12,Wednesday,3,18,69,1014,11,0.25,1,,,,TRUE,FALSE,FALSE,FALSE
2017-07-13,42082,2017,7,13,Thursday,3,18,54,1022,11,0,,,,,FALSE,FALSE,FALSE,FALSE
2017-07-14,38932,2017,7,14,Friday,3,18,59,1020,14,0,1,,,,TRUE,FALSE,FALSE,FALSE
2017-07-15,30690,2017,7,15,Saturday,3,19,73,1022,14,0.51,1,,,,TRUE,FALSE,FALSE,FALSE
2017-07-16,31595,2017,7,16,Sunday,3,21,72,1023,16,0.25,1,,,,TRUE,FALSE,FALSE,FALSE
2017-07-17,41811,2017,7,17,Monday,3,21,47,1023,10,0,,,,,FALSE,FALSE,FALSE,FALSE
2017-07-18,41804,2017,7,18,Tuesday,3,22,59,1016,16,0.76,1,,1,,TRUE,FALSE,TRUE,FALSE
2017-07-19,39340,2017,7,19,Wednesday,3,20,81,1006,14,0,1,,,,TRUE,FALSE,FALSE,FALSE
2017-07-20,37164,2017,7,20,Thursday,3,18,69,1008,18,0,1,,,,TRUE,FALSE,FALSE,FALSE
2017-07-21,37967,2017,7,21,Friday,3,18,64,1008,19,6.1,1,,,,TRUE,FALSE,FALSE,FALSE
2017-07-22,16392,2017,7,22,Saturday,3,16,85,1008,13,9.91,1,,,,TRUE,FALSE,FALSE,FALSE
2017-07-23,26432,2017,7,23,Sunday,3,16,79,1011,11,0.25,1,1,,,TRUE,TRUE,FALSE,FALSE
2017-07-24,32515,2017,7,24,Monday,3,17,78,1014,13,0,1,,,,TRUE,FALSE,FALSE,FALSE
2017-07-25,41029,2017,7,25,Tuesday,3,18,70,1016,10,0,,,,,FALSE,FALSE,FALSE,FALSE
2017-07-26,33566,2017,7,26,Wednesday,3,18,84,1008,14,2.03,1,,,,TRUE,FALSE,FALSE,FALSE
2017-07-27,32588,2017,7,27,Thursday,3,18,74,1007,19,2.03,1,,,,TRUE,FALSE,FALSE,FALSE
2017-07-28,32857,2017,7,28,Friday,3,18,77,1008,19,0.25,1,,,,TRUE,FALSE,FALSE,FALSE
2017-07-29,23334,2017,7,29,Saturday,3,17,82,1008,18,5.08,1,,,,TRUE,FALSE,FALSE,FALSE
2017-07-30,31893,2017,7,30,Sunday,3,18,74,1006,16,0,1,,,,TRUE,FALSE,FALSE,FALSE
2017-07-31,38541,2017,7,31,Monday,3,18,66,1011,16,0,1,,,,TRUE,FALSE,FALSE,FALSE
2017-08-01,39837,2017,8,1,Tuesday,3,17,71,1014,14,0.76,1,,,,TRUE,FALSE,FALSE,FALSE
2017-08-02,27123,2017,8,2,Wednesday,3,17,85,1012,18,6.1,1,,,,TRUE,FALSE,FALSE,FALSE
2017-08-03,34430,2017,8,3,Thursday,3,18,73,1007,26,0,1,,,,TRUE,FALSE,FALSE,FALSE
2017-08-04,34893,2017,8,4,Friday,3,19,64,1011,21,0,1,,,,TRUE,FALSE,FALSE,FALSE
2017-08-05,27715,2017,8,5,Saturday,3,18,65,1016,11,0.51,1,,1,,TRUE,FALSE,TRUE,FALSE
2017-08-06,31536,2017,8,6,Sunday,3,17,68,1022,14,0,,,,,FALSE,FALSE,FALSE,FALSE
2017-08-07,32303,2017,8,7,Monday,3,17,80,1017,14,0,1,,,,TRUE,FALSE,FALSE,FALSE
2017-08-08,33854,2017,8,8,Tuesday,3,16,82,1011,8,0,1,,,,TRUE,FALSE,FALSE,FALSE
2017-08-09,11525,2017,8,9,Wednesday,3,14,90,1015,13,21.08,1,,,,TRUE,FALSE,FALSE,FALSE
2017-08-10,35707,2017,8,10,Thursday,3,17,66,1023,13,0,,,,,FALSE,FALSE,FALSE,FALSE
2017-08-11,34462,2017,8,11,Friday,3,16,73,1019,10,0,1,,,,TRUE,FALSE,FALSE,FALSE
2017-08-12,31034,2017,8,12,Saturday,3,19,68,1016,18,0,1,,,,TRUE,FALSE,FALSE,FALSE
2017-08-13,34928,2017,8,13,Sunday,3,17,53,1021,8,0,,,,,FALSE,FALSE,FALSE,FALSE
2017-08-14,35979,2017,8,14,Monday,3,17,64,1017,8,0,1,,,,TRUE,FALSE,FALSE,FALSE
2017-08-15,38181,2017,8,15,Tuesday,3,19,65,1015,10,0,1,,,,TRUE,FALSE,FALSE,FALSE
2017-08-16,37037,2017,8,16,Wednesday,3,17,67,1019,11,1.02,1,,,,TRUE,FALSE,FALSE,FALSE
2017-08-17,31947,2017,8,17,Thursday,3,20,77,1011,18,0,1,,,,TRUE,FALSE,FALSE,FALSE
2017-08-18,28252,2017,8,18,Friday,3,17,75,1011,19,7.11,1,,1,,TRUE,FALSE,TRUE,FALSE
2017-08-19,29156,2017,8,19,Saturday,3,17,65,1017,24,0,,,,,FALSE,FALSE,FALSE,FALSE
2017-08-20,25270,2017,8,20,Sunday,3,16,72,1023,13,0.51,1,,,,TRUE,FALSE,FALSE,FALSE
2017-08-21,27725,2017,8,21,Monday,3,17,91,1021,10,0.25,1,,,,TRUE,FALSE,FALSE,FALSE
2017-08-22,33327,2017,8,22,Tuesday,3,20,83,1019,10,0.25,1,,,,TRUE,FALSE,FALSE,FALSE
2017-08-23,34439,2017,8,23,Wednesday,3,19,76,1013,13,0,,,,,FALSE,FALSE,FALSE,FALSE
2017-08-24,34548,2017,8,24,Thursday,3,17,72,1017,13,0,,,,,FALSE,FALSE,FALSE,FALSE
2017-08-25,35108,2017,8,25,Friday,3,18,68,1017,6,0,,,,,FALSE,FALSE,FALSE,FALSE
2017-08-26,31442,2017,8,26,Saturday,3,19,64,1016,5,0,,,,,FALSE,FALSE,FALSE,FALSE
2017-08-27,33657,2017,8,27,Sunday,3,21,56,1018,6,0,,,,,FALSE,FALSE,FALSE,FALSE
2017-08-28,34862,2017,8,28,Monday,3,21,65,1017,8,0,,,,,FALSE,FALSE,FALSE,FALSE
2017-08-29,35427,2017,8,29,Tuesday,3,21,71,1013,8,0,,,,,FALSE,FALSE,FALSE,FALSE
2017-08-30,22542,2017,8,30,Wednesday,3,13,78,1013,11,4.06,1,,,,TRUE,FALSE,FALSE,FALSE
2017-08-31,35953,2017,8,31,Thursday,3,14,75,1017,8,2.03,1,,,,TRUE,FALSE,FALSE,FALSE
2017-09-01,36194,2017,9,1,Friday,3,16,63,1021,6,0,,,,,FALSE,FALSE,FALSE,FALSE
2017-09-02,35246,2017,9,2,Saturday,3,16,64,1022,6,0,,,,,FALSE,FALSE,FALSE,FALSE
2017-09-03,21934,2017,9,3,Sunday,3,14,84,1013,13,0.51,1,,,,TRUE,FALSE,FALSE,FALSE
2017-09-04,28710,2017,9,4,Monday,3,18,89,1012,13,0.25,1,,,,TRUE,FALSE,FALSE,FALSE
2017-09-05,32336,2017,9,5,Tuesday,3,18,85,1014,16,1.02,1,,,,TRUE,FALSE,FALSE,FALSE
2017-09-06,36559,2017,9,6,Wednesday,3,15,67,1019,16,0,,,,,FALSE,FALSE,FALSE,FALSE
2017-09-07,35614,2017,9,7,Thursday,3,16,73,1014,14,0,1,,,,TRUE,FALSE,FALSE,FALSE
2017-09-08,23199,2017,9,8,Friday,3,16,81,1000,21,5.08,1,,,,TRUE,FALSE,FALSE,FALSE
2017-09-09,28349,2017,9,9,Saturday,3,14,80,998,13,7.11,1,,1,,TRUE,FALSE,TRUE,FALSE
2017-09-10,21298,2017,9,10,Sunday,3,13,84,999,14,0.51,1,,,,TRUE,FALSE,FALSE,FALSE
2017-09-11,26886,2017,9,11,Monday,3,16,74,994,27,0.51,1,,,,TRUE,FALSE,FALSE,FALSE
2017-09-12,32569,2017,9,12,Tuesday,3,14,74,1004,21,2.03,1,,,,TRUE,FALSE,FALSE,FALSE
2017-09-13,32583,2017,9,13,Wednesday,3,14,63,999,34,0,1,,,,TRUE,FALSE,FALSE,FALSE
2017-09-14,33252,2017,9,14,Thursday,3,13,73,1008,16,0,1,,,,TRUE,FALSE,FALSE,FALSE
2017-09-15,31628,2017,9,15,Friday,3,12,78,1013,10,0.25,1,,,,TRUE,FALSE,FALSE,FALSE
2017-09-16,26166,2017,9,16,Saturday,3,12,81,1012,6,0.25,1,,,,TRUE,FALSE,FALSE,FALSE
2017-09-17,25300,2017,9,17,Sunday,3,13,79,1014,6,0.51,1,,,,TRUE,FALSE,FALSE,FALSE
2017-09-18,30718,2017,9,18,Monday,3,13,78,1017,8,0.51,1,,,,TRUE,FALSE,FALSE,FALSE
2017-09-19,34917,2017,9,19,Tuesday,3,12,77,1021,6,0,1,,,,TRUE,FALSE,FALSE,FALSE
2017-09-20,35149,2017,9,20,Wednesday,3,13,82,1019,10,0,,,,,FALSE,FALSE,FALSE,FALSE
2017-09-21,31174,2017,9,21,Thursday,4,14,81,1016,14,3.05,1,,,,TRUE,FALSE,FALSE,FALSE
2017-09-22,36125,2017,9,22,Friday,4,13,77,1021,8,0.25,,1,,,FALSE,TRUE,FALSE,FALSE
2017-09-23,30654,2017,9,23,Saturday,4,16,70,1022,11,0,1,,,,TRUE,FALSE,FALSE,FALSE
2017-09-24,32726,2017,9,24,Sunday,4,17,71,1019,10,1.02,1,,,,TRUE,FALSE,FALSE,FALSE
2017-09-25,30066,2017,9,25,Monday,4,16,85,1020,8,0.25,1,,,,TRUE,FALSE,FALSE,FALSE
2017-09-26,37394,2017,9,26,Tuesday,4,18,79,1022,6,0,,,,,FALSE,FALSE,FALSE,FALSE
2017-09-27,34694,2017,9,27,Wednesday,4,16,85,1020,11,11.94,1,,,,TRUE,FALSE,FALSE,FALSE
2017-09-28,35526,2017,9,28,Thursday,4,17,83,1018,13,0.51,1,,,,TRUE,FALSE,FALSE,FALSE
2017-09-29,28782,2017,9,29,Friday,4,16,84,1016,14,0.76,1,,,,TRUE,FALSE,FALSE,FALSE
2017-09-30,29003,2017,9,30,Saturday,4,14,78,1016,13,0.25,1,,,,TRUE,FALSE,FALSE,FALSE
2017-10-01,22814,2017,10,1,Sunday,4,16,89,1011,19,0.25,1,,,,TRUE,FALSE,FALSE,FALSE
2017-10-02,33891,2017,10,2,Monday,4,14,69,1013,26,0,1,1,,,TRUE,TRUE,FALSE,FALSE
2017-10-03,37187,2017,10,3,Tuesday,4,13,68,1022,14,0,,,,,FALSE,FALSE,FALSE,FALSE
2017-10-04,36798,2017,10,4,Wednesday,4,12,69,1022,18,0,,,,,FALSE,FALSE,FALSE,FALSE
2017-10-05,34779,2017,10,5,Thursday,4,13,63,1017,26,0.51,1,1,,,TRUE,TRUE,FALSE,FALSE
2017-10-06,35344,2017,10,6,Friday,4,12,66,1026,13,0,,,,,FALSE,FALSE,FALSE,FALSE
2017-10-07,25505,2017,10,7,Saturday,4,13,76,1018,18,0.51,1,,,,TRUE,FALSE,FALSE,FALSE
2017-10-08,28830,2017,10,8,Sunday,4,14,76,1020,10,0,,,,,FALSE,FALSE,FALSE,FALSE
2017-10-09,34182,2017,10,9,Monday,4,13,80,1019,8,0,1,,,,TRUE,FALSE,FALSE,FALSE
2017-10-10,35961,2017,10,10,Tuesday,4,13,84,1015,16,0,1,,,,TRUE,FALSE,FALSE,FALSE
2017-10-11,32760,2017,10,11,Wednesday,4,14,79,1011,23,0.25,1,,,,TRUE,FALSE,FALSE,FALSE
2017-10-12,36372,2017,10,12,Thursday,4,13,77,1020,16,2.03,1,1,,,TRUE,TRUE,FALSE,FALSE
2017-10-13,34229,2017,10,13,Friday,4,15,85,1022,16,0,,,,,FALSE,FALSE,FALSE,FALSE
2017-10-14,32123,2017,10,14,Saturday,4,17,81,1024,16,0,,,,,FALSE,FALSE,FALSE,FALSE
2017-10-15,32696,2017,10,15,Sunday,4,15,86,1018,10,0,,1,,,FALSE,TRUE,FALSE,FALSE
2017-10-16,34787,2017,10,16,Monday,4,17,76,1016,13,0,,,,,FALSE,FALSE,FALSE,FALSE
2017-10-17,35199,2017,10,17,Tuesday,4,13,70,1019,18,0,1,,,,TRUE,FALSE,FALSE,FALSE
2017-10-18,27348,2017,10,18,Wednesday,4,13,88,1012,8,0.25,1,,,,TRUE,FALSE,FALSE,FALSE
2017-10-19,31069,2017,10,19,Thursday,4,14,91,1004,11,0.25,1,,,,TRUE,FALSE,FALSE,FALSE
2017-10-20,31306,2017,10,20,Friday,4,14,77,1004,24,0.25,1,,,,TRUE,FALSE,FALSE,FALSE
2017-10-21,22475,2017,10,21,Saturday,4,14,77,1002,26,0.51,1,,,,TRUE,FALSE,FALSE,FALSE
2017-10-22,21013,2017,10,22,Sunday,4,11,68,1013,27,0,1,,,,TRUE,FALSE,FALSE,FALSE
2017-10-23,30604,2017,10,23,Monday,4,13,88,1017,13,0.25,1,,,,TRUE,FALSE,FALSE,FALSE
2017-10-24,33732,2017,10,24,Tuesday,4,17,86,1018,18,0.25,1,,,,TRUE,FALSE,FALSE,FALSE
2017-10-25,36064,2017,10,25,Wednesday,4,15,74,1020,19,0,1,,,,TRUE,FALSE,FALSE,FALSE
2017-10-26,28423,2017,10,26,Thursday,4,12,94,1025,5,0.51,1,1,,,TRUE,TRUE,FALSE,FALSE
2017-10-27,34654,2017,10,27,Friday,4,11,73,1032,8,0,,,,,FALSE,FALSE,FALSE,FALSE
2017-10-28,26633,2017,10,28,Saturday,4,11,83,1027,16,0,,,,,FALSE,FALSE,FALSE,FALSE
2017-10-29,22228,2017,10,29,Sunday,4,11,67,1023,18,0,1,,,,TRUE,FALSE,FALSE,FALSE
2017-10-30,31364,2017,10,30,Monday,4,8,73,1031,5,0,,,,,FALSE,FALSE,FALSE,FALSE
2017-10-31,33312,2017,10,31,Tuesday,4,9,77,1026,11,0,1,,,,TRUE,FALSE,FALSE,FALSE
2017-11-01,34747,2017,11,1,Wednesday,4,11,82,1019,8,0,,1,,,FALSE,TRUE,FALSE,FALSE
2017-11-02,34290,2017,11,2,Thursday,4,8,90,1016,5,0.25,,1,,,FALSE,TRUE,FALSE,FALSE
2017-11-03,34716,2017,11,3,Friday,4,10,89,1013,5,0.25,1,1,,,TRUE,TRUE,FALSE,FALSE
2017-11-04,17801,2017,11,4,Saturday,4,10,87,1005,11,1.02,1,,,,TRUE,FALSE,FALSE,FALSE
2017-11-05,21588,2017,11,5,Sunday,4,7,78,1015,14,0,1,,,,TRUE,FALSE,FALSE,FALSE
2017-11-06,30663,2017,11,6,Monday,4,6,83,1025,8,0.25,,1,,,FALSE,TRUE,FALSE,FALSE
2017-11-07,27314,2017,11,7,Tuesday,4,9,85,1017,18,0.51,1,,,,TRUE,FALSE,FALSE,FALSE
2017-11-08,29455,2017,11,8,Wednesday,4,6,77,1023,10,0,1,,,,TRUE,FALSE,FALSE,FALSE
2017-11-09,31374,2017,11,9,Thursday,4,8,84,1024,8,0,1,,,,TRUE,FALSE,FALSE,FALSE
2017-11-10,28480,2017,11,10,Friday,4,10,68,1020,18,0,1,,,,TRUE,FALSE,FALSE,FALSE
2017-11-11,16679,2017,11,11,Saturday,4,8,90,1012,8,2.03,1,,,,TRUE,FALSE,FALSE,FALSE
2017-11-12,16460,2017,11,12,Sunday,4,7,72,1013,13,0.25,1,,,,TRUE,FALSE,FALSE,FALSE
2017-11-13,29301,2017,11,13,Monday,4,4,69,1026,11,0,,,,,FALSE,FALSE,FALSE,FALSE
2017-11-14,29355,2017,11,14,Tuesday,4,8,82,1024,13,0.51,1,,,,TRUE,FALSE,FALSE,FALSE
2017-11-15,30564,2017,11,15,Wednesday,4,10,94,1024,8,0,1,,,,TRUE,FALSE,FALSE,FALSE
2017-11-16,31112,2017,11,16,Thursday,4,10,81,1023,10,0.25,1,,,,TRUE,FALSE,FALSE,FALSE
2017-11-17,29876,2017,11,17,Friday,4,6,74,1029,6,0,,,,,FALSE,FALSE,FALSE,FALSE
2017-11-18,12976,2017,11,18,Saturday,4,6,85,1023,13,4.06,1,,,,TRUE,FALSE,FALSE,FALSE
2017-11-19,18874,2017,11,19,Sunday,4,6,80,1023,8,0.25,,,,,FALSE,FALSE,FALSE,FALSE
2017-11-20,25998,2017,11,20,Monday,4,9,87,1015,14,1.02,1,,1,,TRUE,FALSE,TRUE,FALSE
2017-11-21,31316,2017,11,21,Tuesday,4,13,81,1010,23,0,,,,,FALSE,FALSE,FALSE,FALSE
2017-11-22,31315,2017,11,22,Wednesday,4,14,70,997,29,0,1,,,,TRUE,FALSE,FALSE,FALSE
2017-11-23,30147,2017,11,23,Thursday,4,10,66,998,32,0.76,1,,,,TRUE,FALSE,FALSE,FALSE
2017-11-24,28930,2017,11,24,Friday,4,4,78,1011,6,0,,,,,FALSE,FALSE,FALSE,FALSE
2017-11-25,17691,2017,11,25,Saturday,4,3,80,1016,11,0.25,1,,,,TRUE,FALSE,FALSE,FALSE
2017-11-26,15229,2017,11,26,Sunday,4,4,79,1024,18,0,1,,,,TRUE,FALSE,FALSE,FALSE
2017-11-27,24324,2017,11,27,Monday,4,7,80,1013,23,2.03,1,,,,TRUE,FALSE,FALSE,FALSE
2017-11-28,28202,2017,11,28,Tuesday,4,4,78,1009,13,0,1,,,,TRUE,FALSE,FALSE,FALSE
2017-11-29,27319,2017,11,29,Wednesday,4,4,77,1011,13,0,1,,,,TRUE,FALSE,FALSE,FALSE
2017-11-30,25986,2017,11,30,Thursday,4,2,68,1012,13,0,,,,,FALSE,FALSE,FALSE,FALSE
2017-12-01,24321,2017,12,1,Friday,4,4,74,1021,14,0,1,,,,TRUE,FALSE,FALSE,FALSE
2017-12-02,16887,2017,12,2,Saturday,4,4,83,1027,8,0.25,1,,,,TRUE,FALSE,FALSE,FALSE
2017-12-03,12773,2017,12,3,Sunday,4,8,88,1027,10,0.25,1,,,,TRUE,FALSE,FALSE,FALSE
2017-12-04,27613,2017,12,4,Monday,4,7,81,1033,10,0,1,,,,TRUE,FALSE,FALSE,FALSE
2017-12-05,29611,2017,12,5,Tuesday,4,8,74,1035,13,0,,,,,FALSE,FALSE,FALSE,FALSE
2017-12-06,29058,2017,12,6,Wednesday,4,9,68,1027,18,0,1,,,,TRUE,FALSE,FALSE,FALSE
2017-12-07,24810,2017,12,7,Thursday,4,8,80,1010,24,3.05,1,,,,TRUE,FALSE,FALSE,FALSE
2017-12-08,24431,2017,12,8,Friday,4,2,72,1015,21,0,,,,,FALSE,FALSE,FALSE,FALSE
2017-12-09,15509,2017,12,9,Saturday,4,1,78,1014,14,0,,,,,FALSE,FALSE,FALSE,FALSE
2017-12-10,5143,2017,12,10,Sunday,4,1,92,982,11,14.99,1,,,1,TRUE,FALSE,FALSE,TRUE
2017-12-11,13055,2017,12,11,Monday,4,1,87,985,14,7.87,1,,,,TRUE,FALSE,FALSE,FALSE
2017-12-12,22780,2017,12,12,Tuesday,4,1,84,1007,11,1.02,1,,,,TRUE,FALSE,FALSE,FALSE
2017-12-13,20074,2017,12,13,Wednesday,4,6,86,996,21,4.06,1,,,,TRUE,FALSE,FALSE,FALSE
2017-12-14,24064,2017,12,14,Thursday,4,4,79,991,26,0,,,,,FALSE,FALSE,FALSE,FALSE
2017-12-15,21107,2017,12,15,Friday,4,3,81,999,14,1.02,1,,,,TRUE,FALSE,FALSE,FALSE
2017-12-16,12229,2017,12,16,Saturday,4,2,82,1018,10,0.25,1,,,,TRUE,FALSE,FALSE,FALSE
2017-12-17,7519,2017,12,17,Sunday,4,4,94,1022,10,3.05,1,1,,,TRUE,TRUE,FALSE,FALSE
2017-12-18,23414,2017,12,18,Monday,4,4,84,1029,6,0,,,,,FALSE,FALSE,FALSE,FALSE
2017-12-19,22935,2017,12,19,Tuesday,4,2,90,1035,6,0.25,1,1,,,TRUE,TRUE,FALSE,FALSE
2017-12-20,21801,2017,12,20,Wednesday,4,8,93,1035,10,0.25,1,1,,,TRUE,TRUE,FALSE,FALSE
2017-12-21,20945,2017,12,21,Thursday,4,11,89,1035,13,0,1,,,,TRUE,FALSE,FALSE,FALSE
2017-12-22,17124,2017,12,22,Friday,1,10,88,1036,10,0.25,1,,,,TRUE,FALSE,FALSE,FALSE
2017-12-23,9725,2017,12,23,Saturday,1,9,89,1033,16,0,1,,,,TRUE,FALSE,FALSE,FALSE
2017-12-24,7498,2017,12,24,Sunday,1,9,86,1024,21,0,1,,,,TRUE,FALSE,FALSE,FALSE
2017-12-25,27305,2017,12,25,Monday,1,8,84,1007,26,0.51,1,,,,TRUE,FALSE,FALSE,FALSE
2017-12-26,7149,2017,12,26,Tuesday,1,6,84,993,21,0.51,1,,,,TRUE,FALSE,FALSE,FALSE
2017-12-27,5426,2017,12,27,Wednesday,1,2,85,988,16,3.05,1,,,1,TRUE,FALSE,FALSE,TRUE
2017-12-28,11236,2017,12,28,Thursday,1,2,83,1003,14,0,,,,,FALSE,FALSE,FALSE,FALSE
2017-12-29,8346,2017,12,29,Friday,1,3,81,998,16,5.08,1,,,,TRUE,FALSE,FALSE,FALSE
2017-12-30,10908,2017,12,30,Saturday,1,9,77,996,26,0.76,1,,,,TRUE,FALSE,FALSE,FALSE
2017-12-31,9292,2017,12,31,Sunday,1,10,83,995,24,5.08,1,,,,TRUE,FALSE,FALSE,FALSE
2018-01-01,10235,2018,1,1,Monday,1,7,75,1000,23,0,1,,,,TRUE,FALSE,FALSE,FALSE
2018-01-02,14394,2018,1,2,Tuesday,1,8,85,1005,18,4.06,1,,,,TRUE,FALSE,FALSE,FALSE
2018-01-03,20265,2018,1,3,Wednesday,1,9,62,996,42,0,1,,,,TRUE,FALSE,FALSE,FALSE
2018-01-04,17543,2018,1,4,Thursday,1,9,78,993,21,4.06,1,,,,TRUE,FALSE,FALSE,FALSE
2018-01-05,21759,2018,1,5,Friday,1,6,80,995,16,0.25,1,,,,TRUE,FALSE,FALSE,FALSE
2018-01-06,13920,2018,1,6,Saturday,1,3,86,1010,8,0,1,,,,TRUE,FALSE,FALSE,FALSE
2018-01-07,12259,2018,1,7,Sunday,1,4,69,1025,18,0,1,,,,TRUE,FALSE,FALSE,FALSE
2018-01-08,23374,2018,1,8,Monday,1,3,82,1021,18,0,,,,,FALSE,FALSE,FALSE,FALSE
2018-01-09,24683,2018,1,9,Tuesday,1,6,91,1007,11,0,1,,,,TRUE,FALSE,FALSE,FALSE
2018-01-10,26787,2018,1,10,Wednesday,1,7,88,1005,13,0,1,,,,TRUE,FALSE,FALSE,FALSE
2018-01-11,25222,2018,1,11,Thursday,1,4,91,1018,6,0.25,1,,,,TRUE,FALSE,FALSE,FALSE
2018-01-12,24696,2018,1,12,Friday,1,7,88,1025,8,0.25,1,,,,TRUE,FALSE,FALSE,FALSE
2018-01-13,17512,2018,1,13,Saturday,1,7,77,1020,16,0,,,,,FALSE,FALSE,FALSE,FALSE
2018-01-14,15070,2018,1,14,Sunday,1,5,72,1018,10,0,,,,,FALSE,FALSE,FALSE,FALSE
2018-01-15,19161,2018,1,15,Monday,1,8,84,998,23,4.06,1,,,,TRUE,FALSE,FALSE,FALSE
2018-01-16,26921,2018,1,16,Tuesday,1,6,70,995,29,0,1,,,,TRUE,FALSE,FALSE,FALSE
2018-01-17,26934,2018,1,17,Wednesday,1,1,66,1004,31,0.25,1,,,,TRUE,FALSE,FALSE,FALSE
2018-01-18,26471,2018,1,18,Thursday,1,7,67,1000,35,0,1,,,,TRUE,FALSE,FALSE,FALSE
2018-01-19,25799,2018,1,19,Friday,1,3,77,1009,14,0,,,,,FALSE,FALSE,FALSE,FALSE
2018-01-20,9398,2018,1,20,Saturday,1,3,91,1004,8,5.08,1,,,,TRUE,FALSE,FALSE,FALSE
2018-01-21,5859,2018,1,21,Sunday,1,6,94,1011,10,11.94,1,,,1,TRUE,FALSE,FALSE,TRUE
2018-01-22,26337,2018,1,22,Monday,1,8,79,1012,14,0,,1,,,FALSE,TRUE,FALSE,FALSE
2018-01-23,26003,2018,1,23,Tuesday,1,10,83,1015,18,0.25,1,,,,TRUE,FALSE,FALSE,FALSE
2018-01-24,20206,2018,1,24,Wednesday,1,10,86,1007,29,7.11,1,,,,TRUE,FALSE,FALSE,FALSE
2018-01-25,28189,2018,1,25,Thursday,1,8,78,1008,18,0,1,,,,TRUE,FALSE,FALSE,FALSE
2018-01-26,26430,2018,1,26,Friday,1,5,83,1019,6,0,1,1,,,TRUE,TRUE,FALSE,FALSE
2018-01-27,14472,2018,1,27,Saturday,1,7,86,1026,14,0.76,1,,,,TRUE,FALSE,FALSE,FALSE
2018-01-28,17512,2018,1,28,Sunday,1,11,80,1030,23,0,,,,,FALSE,FALSE,FALSE,FALSE
2018-01-29,26371,2018,1,29,Monday,1,9,75,1028,27,0.51,1,,,,TRUE,FALSE,FALSE,FALSE
2018-01-30,28002,2018,1,30,Tuesday,1,4,87,1026,8,0.25,1,1,,,TRUE,TRUE,FALSE,FALSE
2018-01-31,24117,2018,1,31,Wednesday,1,7,79,1005,26,3.05,1,,,,TRUE,FALSE,FALSE,FALSE
,,,,,,,,,,,,,,,,,,,
,,,,,,,,,,,,,,,,,,,
,,,,,,,,,,,,,,,,,,,
,,,,,,,,,,,,,,,,,,,
,,,,,,,,,,,,,,,,,,,
,,,,,,,,,,,,,,,,,,,
,,,,,,,,,,,,,,,,,,,
,,,,,,,,,,,,,,,,,,,
,,,,,,,,,,,,,,,,,,,
,,,,,,,,,,,,,,,,,,,
,,,,,,,,,,,,,,,,,,,
,,,,,,,,,,,,,,,,,,,
,,,,,,,,,,,,,,,,,,,
,,,,,,,,,,,,,,,,,,,
,,,,,,,,,,,,,,,,,,,
,,,,,,,,,,,,,,,,,,,
,,,,,,,,,,,,,,,,,,,
,,,,,,,,,,,,,,,,,,,
,,,,,,,,,,,,,,,,,,,
,,,,,,,,,,,,,,,,,,,
,,,,,,,,,,,,,,,,,,,
,,,,,,,,,,,,,,,,,,,
,,,,,,,,,,,,,,,,,,,
,,,,,,,,,,,,,,,,,,,
,,,,,,,,,,,,,,,,,,,
,,,,,,,,,,,,,,,,,,,
,,,,,,,,,,,,,,,,,,,
,,,,,,,,,,,,,,,,,,,
,,2018,3,1,Thursday,Winter,-3,78,1001,26,0,,,,1,,,,
,,2018,3,2,Friday,Winter,-1,84,993,29,0,1,,,1,,,,
,,2018,3,3,Saturday,Winter,1,94,992,18,4.06,1,1,,,,,,
,,2018,3,4,Sunday,Winter,6,91,989,11,0.25,1,,,,,,,
,,2018,3,5,Monday,Winter,7,85,988,16,0.25,1,,,,,,,
,,2018,3,6,Tuesday,Winter,8,81,988,13,0.25,1,,,,,,,
,,2018,3,7,Wednesday,Winter,8,80,994,10,3.05,1,,,,,,,
,,2018,3,8,Thursday,Winter,7,70,996,23,0,1,,,,,,,
,,2018,3,9,Friday,Winter,5,90,1001,11,2.03,1,,,,,,,
,,2018,3,10,Saturday,Winter,10,91,995,14,0.25,1,,,,,,,
,,2018,3,11,Sunday,Winter,9,92,991,8,0.25,1,,,,,,,
,,2018,3,12,Monday,Winter,9,91,989,11,6.1,1,,,,,,,
,,2018,3,13,Tuesday,Winter,8,79,1007,13,0,1,,,,,,,
,,2018,3,14,Wednesday,Winter,7,72,1002,16,0,,,,,,,,
,,2018,3,15,Thursday,Winter,10,82,989,19,2.03,1,,,,,,,
,,2018,3,16,Friday,Winter,10,77,999,14,2.03,1,,,,,,,
,,2018,3,17,Saturday,Winter,1,84,1006,23,0.51,1,,,1,,,,
,,2018,3,18,Sunday,Winter,-1,82,1008,21,0,1,,,1,,,,
,,2018,3,19,Monday,Winter,1,60,1015,19,3.05,,,,,,,,
,,2018,3,20,Tuesday,Winter,4,66,1028,11,0,1,,,,,,,
,,2018,3,21,Wednesday,Spring,4,66,1031,11,0,,,,,,,,
,,2018,3,22,Thursday,Spring,8,70,1019,16,0,,,,,,,,
,,2018,3,23,Friday,Spring,9,69,1001,21,0,1,,,,,,,
,,2018,3,24,Saturday,Spring,8,88,1001,8,0.25,1,,,,,,,
,,2018,3,25,Sunday,Spring,9,76,1011,8,0,1,,,,,,,
,,2018,3,26,Monday,Spring,9,58,1017,8,0,,,,,,,,
,,2018,3,27,Tuesday,Spring,10,79,1008,14,2.03,1,,,,,,,
,,2018,3,28,Wednesday,Spring,7,86,1004,11,9.91,1,,,,,,,
,,2018,3,29,Thursday,Spring,4,89,1001,13,4.06,1,,,,,,,
,,2018,3,30,Friday,Spring,6,93,994,13,11.94,1,,,,,,,
,,2018,3,31,Saturday,Spring,7,87,997,14,2.03,1,,,,,,,
,,2018,4,1,Sunday,Spring,6,73,1011,11,5.08,1,,,,,,,
,,2018,4,2,Monday,Spring,7,94,1000,16,2.03,1,,,,,,,
,,2018,4,3,Tuesday,Spring,11,86,994,18,0.25,1,,,,,,,
,,2018,4,4,Wednesday,Spring,9,84,994,19,0.25,1,,,,,,,
,,2018,4,5,Thursday,Spring,9,62,1013,19,0,1,,,,,,,
,,2018,4,6,Friday,Spring,10,65,1011,18,0,,,,,,,,
,,2018,4,7,Saturday,Spring,13,76,1005,11,0,,,,,,,,
,,2018,4,8,Sunday,Spring,10,95,1008,6,5.08,1,,,,,,,
,,2018,4,9,Monday,Spring,9,98,1007,10,5.08,1,,,,,,,
,,2018,4,10,Tuesday,Spring,11,90,1002,11,0,1,,,,,,,
,,2018,4,11,Wednesday,Spring,8,92,1007,10,0.51,1,1,,,,,,
,,2018,4,12,Thursday,Spring,8,95,1004,11,0.25,1,1,,,,,,
,,2018,4,13,Friday,Spring,9,86,1007,10,0,1,,,,,,,
,,2018,4,14,Saturday,Spring,13,71,1016,8,0,,,,,,,,
,,2018,4,15,Sunday,Spring,12,85,1010,11,0.51,1,,,,,,,
,,2018,4,16,Monday,Spring,12,66,1014,18,0,,,,,,,,
,,2018,4,17,Tuesday,Spring,14,61,1020,19,0,,,,,,,,
,,2018,4,18,Wednesday,Spring,17,59,1026,11,0,,,,,,,,
,,2018,4,19,Thursday,Spring,20,51,1023,8,0,,,,,,,,
,,2018,4,20,Friday,Spring,19,62,1023,6,0,,,,,,,,
,,2018,4,21,Saturday,Spring,18,67,1020,11,0.25,1,,1,,,,,
,,2018,4,22,Sunday,Spring,17,73,1010,14,0,1,,,,,,,
,,2018,4,23,Monday,Spring,12,70,1016,19,0,,,,,,,,
,,2018,4,24,Tuesday,Spring,14,76,1013,21,0.25,1,,,,,,,
,,2018,4,25,Wednesday,Spring,11,71,1012,24,0.25,1,,1,,,,,
,,2018,4,26,Thursday,Spring,11,67,1016,21,0.25,1,,,,,,,
,,2018,4,27,Friday,Spring,9,87,1008,11,3.05,1,,,,,,,
,,2018,4,28,Saturday,Spring,8,90,1009,8,0.76,1,,,,,,,
,,2018,4,29,Sunday,Spring,7,83,1011,13,0,1,,,,,,,
,,2018,4,30,Monday,Spring,7,68,1006,19,2.03,1,,,,,,,
,,2018,5,1,Tuesday,Spring,8,67,1009,16,0.51,1,,,,,,,
,,2018,5,2,Wednesday,Spring,11,76,1006,21,4.06,1,,,,,,,
,,2018,5,3,Thursday,Spring,11,66,1019,10,0,,,,,,,,
,,2018,5,4,Friday,Spring,14,62,1023,8,0,,,,,,,,
,,2018,5,5,Saturday,Spring,16,53,1025,6,0,,,,,,,,
,,2018,5,6,Sunday,Spring,18,52,1022,6,0,,,,,,,,
,,2018,5,7,Monday,Spring,19,48,1017,6,0,,,,,,,,
,,2018,5,8,Tuesday,Spring,19,63,1010,10,0,,,,,,,,
,,2018,5,9,Wednesday,Spring,14,67,1009,11,0,,,,,,,,
,,2018,5,10,Thursday,Spring,13,59,1015,16,0,1,,,,,,,
,,2018,5,11,Friday,Spring,12,59,1015,13,0,1,,,,,,,
,,2018,5,12,Saturday,Spring,12,84,1012,10,7.87,1,,,,,,,
,,2018,5,13,Sunday,Spring,13,68,1015,8,0,,,,,,,,
,,2018,5,14,Monday,Spring,14,51,1020,11,0,,,,,,,,
,,2018,5,15,Tuesday,Spring,16,46,1020,10,0,,,,,,,,
,,2018,5,16,Wednesday,Spring,12,61,1025,13,0,,,,,,,,
,,2018,5,17,Thursday,Spring,12,59,1027,13,0,,,,,,,,
